[{"id":1,"created_at":"2021-10-06 08:13:26","updated_at":"2021-10-13 08:45:42","title":"get current template","name":"get_current_template","sql":"select t.id, t.name, m.url as preview_url, mt.url as template_url, t.description from {{PREFIX}}items t\ninner join {{PREFIX}}altrp_media m on t.preview_id=m.id\ninner join {{PREFIX}}altrp_media mt on t.template_id=mt.id\nwhere t.id = {{REQUEST:id}}","model_id":5,"description":null,"is_object":1,"model_name":"item"},{"id":2,"created_at":"2021-10-06 08:13:26","updated_at":"2021-10-13 08:45:42","title":"get preview templates","name":"get_preview_templates","sql":"select t.item_type, t.id, t.name, m.url as preview_url from {{PREFIX}}items t\nleft join {{PREFIX}}altrp_media m on t.preview_id=m.id\nwhere \"template\" = t.item_type","model_id":5,"description":null,"is_object":0,"model_name":"item"},{"id":8,"created_at":"2021-10-11 10:56:50","updated_at":"2021-10-13 08:45:43","title":"get user cart","name":"get_user_cart","sql":"select * from `{{PREFIX}}user_carts` where user_id = {{REQUEST:user_id}}","model_id":13,"description":null,"is_object":1,"model_name":"user_cart"},{"id":9,"created_at":"2021-10-12 03:56:01","updated_at":"2021-10-13 08:45:43","title":"delete cart items","name":"delete_cart_items","sql":"delete from `{{PREFIX}}cart_items`","model_id":13,"description":null,"is_object":0,"model_name":"user_cart"},{"id":10,"created_at":"2021-10-12 04:07:06","updated_at":"2021-10-18 07:36:14","title":"get items from current cart","name":"get_items_from_current_cart","sql":"select s.site_domain as domain, i.*, m.url as preview_url, c.* from {{PREFIX}}cart_items c\nleft join {{PREFIX}}cart_item_sites s on c.id=s.cart_item_id\nleft join {{PREFIX}}items i on c.item_id=i.id\nleft join {{PREFIX}}altrp_media m on i.preview_id=m.id\nwhere c.cart_id = {{REQUEST:cart_id}}\nGROUP BY c.id","model_id":14,"description":"","is_object":0,"model_name":"cart_item"},{"id":11,"created_at":"2021-10-12 14:30:35","updated_at":"2021-10-13 17:29:27","title":"delete cart items from cart","name":"delete_cart_items_from_cart","sql":"delete from `{{PREFIX}}cart_items` where cart_id={{REQUEST:cart_id}}","model_id":14,"description":null,"is_object":0,"model_name":"cart_item"},{"id":12,"created_at":"2021-10-13 12:32:26","updated_at":"2021-10-13 16:19:41","title":"insert order items","name":"insert_order_items","sql":"insert into {{PREFIX}}order_item_models (order_id, item_type, item_id, parent_id)\nselect {{REQUEST:order}}, c.item_type, c.item_id, c.id from {{PREFIX}}cart_items c where c.cart_id={{REQUEST:cart_id}}","model_id":10,"description":null,"is_object":0,"model_name":"order_item_model"},{"id":13,"created_at":"2021-10-13 15:29:26","updated_at":"2021-10-13 15:30:44","title":"delete from current order","name":"delete_from_current_order","sql":"delete from {{PREFIX}}order_item_models where order_id={{REQUEST:order}}","model_id":15,"description":null,"is_object":0,"model_name":"order_item_site"},{"id":14,"created_at":"2021-10-13 16:00:17","updated_at":"2021-10-13 17:20:17","title":"insert order items site","name":"insert_order_items_site","sql":"insert into {{PREFIX}}order_item_sites (order_item_id, site_domain)\nselect m.id, s.site_domain from {{PREFIX}}cart_items c\nleft join {{PREFIX}}cart_item_sites s on c.id=s.cart_item_id\nleft join {{PREFIX}}order_item_models m on m.parent_id=c.id\nwhere c.cart_id={{REQUEST:cart_id}}","model_id":15,"description":null,"is_object":0,"model_name":"order_item_site"},{"id":15,"created_at":"2021-10-13 16:20:36","updated_at":"2021-10-13 16:20:57","title":"delete cart item","name":"delete_cart_item","sql":"delete from `{{PREFIX}}cart_items` where id={{REQUEST:id}}","model_id":14,"description":null,"is_object":0,"model_name":"cart_item"},{"id":16,"created_at":"2021-10-13 16:47:58","updated_at":"2021-10-13 16:47:58","title":"delete all order items","name":"delete_all_order_items","sql":"delete from {{PREFIX}}order_item_models","model_id":10,"description":null,"is_object":0,"model_name":"order_item_model"},{"id":17,"created_at":"2021-10-13 16:48:48","updated_at":"2021-10-13 16:48:48","title":"delete all orders","name":"delete_all_orders","sql":"delete from {{PREFIX}}orders","model_id":8,"description":null,"is_object":0,"model_name":"order"},{"id":18,"created_at":"2021-10-13 16:49:16","updated_at":"2021-10-13 16:49:16","title":"delete all order item sites","name":"delete_all_order_item_sites","sql":"delete from {{PREFIX}}order_item_sites","model_id":15,"description":null,"is_object":0,"model_name":"order_item_site"},{"id":19,"created_at":"2021-10-14 05:25:19","updated_at":"2021-10-14 05:40:40","title":"update order","name":"update_order","sql":"update {{PREFIX}}orders\nset status = \"{{REQUEST:status}}\", payment_date = {{REQUEST:date}}\nwhere id={{REQUEST:id}} and user_id={{REQUEST:user_id}}","model_id":8,"description":null,"is_object":0,"model_name":"order"},{"id":20,"created_at":"2021-10-14 05:34:22","updated_at":"2021-10-14 05:38:17","title":"update order items","name":"update_order_items","sql":"update {{PREFIX}}order_item_models\nset payment_date = {{REQUEST:date}}\nwhere order_id={{REQUEST:id}}","model_id":10,"description":null,"is_object":0,"model_name":"order_item_model"},{"id":21,"created_at":"2021-10-17 12:12:09","updated_at":"2021-10-20 16:22:27","title":"get bought templates","name":"get_bought_templates","sql":"select i.*, d.url as preview_url, mt.url as template_url from {{PREFIX}}order_item_models o\ninner join {{PREFIX}}orders m on o.order_id=m.id\ninner join {{PREFIX}}users u on m.user_id=u.id\ninner join {{PREFIX}}items i on o.item_id=i.id\ninner join {{PREFIX}}altrp_media d on i.preview_id=d.id\ninner join {{PREFIX}}altrp_media mt on i.template_id=mt.id\nwhere {{REQUEST:user}}=u.id and o.payment_date is not null and i.item_type=\"template\"","model_id":10,"description":null,"is_object":0,"model_name":"order_item_model"},{"id":22,"created_at":"2021-10-19 20:04:09","updated_at":"2021-10-19 20:04:09","title":"delete all items","name":"delete_all_items","sql":"delete from {{PREFIX}}items","model_id":5,"description":null,"is_object":0,"model_name":"item"},{"id":23,"created_at":"2021-10-19 21:57:11","updated_at":"2021-10-19 21:57:11","title":"get preview sets","name":"get_preview_sets","sql":"select t.item_type, t.id, t.name, m.url as preview_url from {{PREFIX}}items t\nleft join {{PREFIX}}altrp_media m on t.preview_id=m.id\nwhere \"set\" = t.item_type","model_id":5,"description":null,"is_object":0,"model_name":"item"},{"id":24,"created_at":"2021-10-19 21:57:52","updated_at":"2021-10-19 21:57:52","title":"get current set","name":"get_current_set","sql":"select t.id, t.name, m.url as preview_url, mt.url as template_url, t.description from {{PREFIX}}items t\ninner join {{PREFIX}}altrp_media m on t.preview_id=m.id\ninner join {{PREFIX}}altrp_media mt on t.template_id=mt.id\nwhere t.id = {{REQUEST:id}}","model_id":5,"description":null,"is_object":1,"model_name":"item"}]