[{"id":1,"created_at":"2021-10-06 08:13:26","updated_at":"2021-10-06 08:13:26","deleted_at":null,"author":3,"filename":"media\/2021\/09\/lefrPwzGQ6hZDFv5oYD7WEdvEyRUVs0KUTuPTabl.jpg","url":"\/storage\/media\/2021\/09\/lefrPwzGQ6hZDFv5oYD7WEdvEyRUVs0KUTuPTabl.jpg","media_type":"image\/jpeg","type":"image","title":"photo_2021-09-28_18-06-50.jpg","alternate_text":null,"caption":null,"description":null,"width":958,"height":1280,"main_color":null,"guest_token":null},{"id":2,"created_at":"2021-10-06 08:13:26","updated_at":"2021-10-06 08:13:26","deleted_at":null,"author":3,"filename":"media\/2021\/09\/pHXNbmZELVHX1kVWM9lbNvbiRCQeyVbdFxD4kKpj.jpg","url":"\/storage\/media\/2021\/09\/pHXNbmZELVHX1kVWM9lbNvbiRCQeyVbdFxD4kKpj.jpg","media_type":"image\/jpeg","type":"image","title":"photo_2021-09-28_18-06-50.jpg","alternate_text":null,"caption":null,"description":null,"width":958,"height":1280,"main_color":null,"guest_token":null},{"id":3,"created_at":"2021-10-06 08:13:26","updated_at":"2021-10-06 08:13:26","deleted_at":null,"author":3,"filename":"media\/2021\/09\/NrXEuUMeTTBrNlQCmbXYxQF6nzfgLdU1NOvAky4H.jpg","url":"\/storage\/media\/2021\/09\/NrXEuUMeTTBrNlQCmbXYxQF6nzfgLdU1NOvAky4H.jpg","media_type":"image\/jpeg","type":"image","title":"photo_2021-09-28_18-06-50.jpg","alternate_text":null,"caption":null,"description":null,"width":958,"height":1280,"main_color":null,"guest_token":null},{"id":4,"created_at":"2021-10-06 08:13:26","updated_at":"2021-10-06 08:13:26","deleted_at":null,"author":3,"filename":"media\/2021\/09\/tARUGnrIiiZlpq1pVDBa4cQVAWH0DE30S2jJCFAY.jpg","url":"\/storage\/media\/2021\/09\/tARUGnrIiiZlpq1pVDBa4cQVAWH0DE30S2jJCFAY.jpg","media_type":"image\/jpeg","type":"image","title":"photo_2021-09-28_18-06-50.jpg","alternate_text":null,"caption":null,"description":null,"width":958,"height":1280,"main_color":null,"guest_token":null},{"id":5,"created_at":"2021-10-06 08:13:26","updated_at":"2021-10-06 08:13:26","deleted_at":null,"author":3,"filename":"media\/2021\/09\/JIulmDTfCpqvFOqzDBu2yKJxsMUr1isdCGB3wmwx.png","url":"\/storage\/media\/2021\/09\/JIulmDTfCpqvFOqzDBu2yKJxsMUr1isdCGB3wmwx.png","media_type":"image\/png","type":"image","title":"44727718.png","alternate_text":null,"caption":null,"description":null,"width":460,"height":460,"main_color":null,"guest_token":null},{"id":6,"created_at":"2021-10-06 08:13:26","updated_at":"2021-10-06 08:13:26","deleted_at":null,"author":3,"filename":"media\/2021\/09\/ecBtxCKUUvhuiDtXD1Tby3yyCTshJHsbryXjs0eR.png","url":"\/storage\/media\/2021\/09\/ecBtxCKUUvhuiDtXD1Tby3yyCTshJHsbryXjs0eR.png","media_type":"image\/png","type":"image","title":"unknown.png","alternate_text":null,"caption":null,"description":null,"width":363,"height":431,"main_color":null,"guest_token":null},{"id":7,"created_at":"2021-10-06 08:13:26","updated_at":"2021-10-06 08:13:26","deleted_at":null,"author":3,"filename":"media\/2021\/09\/W2HipbYcktfTGEGRYqXXwUf2wB12MBPu8SQVRuwi.svg","url":"\/storage\/media\/2021\/09\/W2HipbYcktfTGEGRYqXXwUf2wB12MBPu8SQVRuwi.svg","media_type":"image\/svg+xml","type":"svg","title":"altrp.svg","alternate_text":null,"caption":null,"description":null,"width":100,"height":24,"main_color":null,"guest_token":null},{"id":8,"created_at":"2021-10-06 08:13:26","updated_at":"2021-10-06 08:13:26","deleted_at":null,"author":3,"filename":"media\/2021\/09\/Qo3dPQowKEKSsNC33A5EE5NR1Yra9KLfANybS1TB.png","url":"\/storage\/media\/2021\/09\/Qo3dPQowKEKSsNC33A5EE5NR1Yra9KLfANybS1TB.png","media_type":"image\/png","type":"image","title":"44727718.png","alternate_text":null,"caption":null,"description":null,"width":460,"height":460,"main_color":null,"guest_token":null},{"id":9,"created_at":"2021-10-06 08:13:26","updated_at":"2021-10-06 08:13:26","deleted_at":null,"author":3,"filename":"media\/2021\/09\/gzuLc6yPnotUjR6zpt0ejYXx1fQV8eNQLBhfLVog.jfif","url":"\/storage\/media\/2021\/09\/gzuLc6yPnotUjR6zpt0ejYXx1fQV8eNQLBhfLVog.jfif","media_type":"image\/jpeg","type":"other","title":"44727718.jfif","alternate_text":null,"caption":null,"description":null,"width":460,"height":460,"main_color":null,"guest_token":null},{"id":10,"created_at":"2021-10-06 08:13:26","updated_at":"2021-10-06 08:13:26","deleted_at":null,"author":3,"filename":"media\/2021\/09\/bMYLIiB6plaEFMasm37trWZh5nAmlyy9QshXSKZy.png","url":"\/storage\/media\/2021\/09\/bMYLIiB6plaEFMasm37trWZh5nAmlyy9QshXSKZy.png","media_type":"image\/png","type":"image","title":"44727718.png","alternate_text":null,"caption":null,"description":null,"width":460,"height":460,"main_color":null,"guest_token":null},{"id":13,"created_at":"2021-10-06 08:13:26","updated_at":"2021-10-06 08:13:26","deleted_at":null,"author":3,"filename":"media\/2021\/09\/Y0VRQzYo2POrudJVh9UDb54OPdlzh9igK25YqK9R.png","url":"\/storage\/media\/2021\/09\/Y0VRQzYo2POrudJVh9UDb54OPdlzh9igK25YqK9R.png","media_type":"image\/png","type":"image","title":"apps.38282.13733306562729316.049f2fd1-b066-4cb5-b5","alternate_text":null,"caption":null,"description":null,"width":162,"height":162,"main_color":null,"guest_token":null},{"id":14,"created_at":"2021-10-06 08:13:26","updated_at":"2021-10-06 08:13:26","deleted_at":null,"author":3,"filename":"media\/2021\/09\/TrqMES7vHHU4fLjkkwCofgazcm355Xmq8BUkd6W3.png","url":"\/storage\/media\/2021\/09\/TrqMES7vHHU4fLjkkwCofgazcm355Xmq8BUkd6W3.png","media_type":"image\/png","type":"image","title":"apps.38282.13733306562729316.049f2fd1-b066-4cb5-b5","alternate_text":null,"caption":null,"description":null,"width":162,"height":162,"main_color":null,"guest_token":null},{"id":15,"created_at":"2021-10-06 08:13:26","updated_at":"2021-10-06 08:13:26","deleted_at":null,"author":3,"filename":"media\/2021\/09\/QCaCAZy6IkoC1lc2sI0Oz6XT3UOS1AYO6AXKBK4Y.png","url":"\/storage\/media\/2021\/09\/QCaCAZy6IkoC1lc2sI0Oz6XT3UOS1AYO6AXKBK4Y.png","media_type":"image\/png","type":"image","title":"apps.38282.13733306562729316.049f2fd1-b066-4cb5-b5","alternate_text":null,"caption":null,"description":null,"width":162,"height":162,"main_color":null,"guest_token":null},{"id":16,"created_at":"2021-10-06 08:13:26","updated_at":"2021-10-06 08:13:26","deleted_at":null,"author":3,"filename":"media\/2021\/09\/33OckavP4QhtBvRKiqCQcGizJRcQsG7AHSqQIWxl.png","url":"\/storage\/media\/2021\/09\/33OckavP4QhtBvRKiqCQcGizJRcQsG7AHSqQIWxl.png","media_type":"image\/png","type":"image","title":"apps.38282.13733306562729316.049f2fd1-b066-4cb5-b5","alternate_text":null,"caption":null,"description":null,"width":162,"height":162,"main_color":null,"guest_token":null},{"id":17,"created_at":"2021-10-06 08:13:26","updated_at":"2021-10-06 08:13:26","deleted_at":null,"author":3,"filename":"media\/2021\/09\/Vau1SIhWXJPLK0GYlXqd85w9nm0e5Eu6obsVN8wk.png","url":"\/storage\/media\/2021\/09\/Vau1SIhWXJPLK0GYlXqd85w9nm0e5Eu6obsVN8wk.png","media_type":"image\/png","type":"image","title":"apps.38282.13733306562729316.049f2fd1-b066-4cb5-b5","alternate_text":null,"caption":null,"description":null,"width":162,"height":162,"main_color":null,"guest_token":null},{"id":18,"created_at":"2021-10-06 08:13:26","updated_at":"2021-10-06 08:13:26","deleted_at":null,"author":3,"filename":"media\/2021\/09\/6SQw8sN1ePjUEnVpg6QkZdhJUd9Cfky6QdxNrDxc.png","url":"\/storage\/media\/2021\/09\/6SQw8sN1ePjUEnVpg6QkZdhJUd9Cfky6QdxNrDxc.png","media_type":"image\/png","type":"image","title":"apps.38282.13733306562729316.049f2fd1-b066-4cb5-b5","alternate_text":null,"caption":null,"description":null,"width":162,"height":162,"main_color":null,"guest_token":null},{"id":20,"created_at":"2021-10-06 08:13:26","updated_at":"2021-10-06 08:13:26","deleted_at":null,"author":3,"filename":"media\/2021\/09\/sGpbW3mPshoZXxDUjipoOZPhWRlv9s1daHRp54le.png","url":"\/storage\/media\/2021\/09\/sGpbW3mPshoZXxDUjipoOZPhWRlv9s1daHRp54le.png","media_type":"image\/png","type":"image","title":"apps.38282.13733306562729316.049f2fd1-b066-4cb5-b5","alternate_text":null,"caption":null,"description":null,"width":162,"height":162,"main_color":null,"guest_token":null},{"id":21,"created_at":"2021-10-06 08:13:26","updated_at":"2021-10-06 08:13:26","deleted_at":null,"author":3,"filename":"media\/2021\/09\/xNrZdE3VaBL0gI7KfvlpiZxg6eJvLrtkFyELdfjM.png","url":"\/storage\/media\/2021\/09\/xNrZdE3VaBL0gI7KfvlpiZxg6eJvLrtkFyELdfjM.png","media_type":"image\/png","type":"image","title":"apps.38282.13733306562729316.049f2fd1-b066-4cb5-b5","alternate_text":null,"caption":null,"description":null,"width":162,"height":162,"main_color":null,"guest_token":null},{"id":22,"created_at":"2021-10-06 08:13:26","updated_at":"2021-10-06 08:13:26","deleted_at":null,"author":3,"filename":"media\/2021\/09\/VUE1BNXjvi6dYbuLkaY8MhsJkLBdRc8RDwMmrFhI.png","url":"\/storage\/media\/2021\/09\/VUE1BNXjvi6dYbuLkaY8MhsJkLBdRc8RDwMmrFhI.png","media_type":"image\/png","type":"image","title":"apps.38282.13733306562729316.049f2fd1-b066-4cb5-b5","alternate_text":null,"caption":null,"description":null,"width":162,"height":162,"main_color":null,"guest_token":null},{"id":23,"created_at":"2021-10-06 08:13:26","updated_at":"2021-10-06 08:13:26","deleted_at":null,"author":3,"filename":"media\/2021\/09\/OzdAjmUCHsNoCQhgXdfHNKdac5x4pVHmRMWRrAbB.png","url":"\/storage\/media\/2021\/09\/OzdAjmUCHsNoCQhgXdfHNKdac5x4pVHmRMWRrAbB.png","media_type":"image\/png","type":"image","title":"apps.38282.13733306562729316.049f2fd1-b066-4cb5-b5","alternate_text":null,"caption":null,"description":null,"width":162,"height":162,"main_color":null,"guest_token":null},{"id":24,"created_at":"2021-10-06 08:13:26","updated_at":"2021-10-06 08:13:26","deleted_at":null,"author":3,"filename":"media\/2021\/09\/Ikmnh4BcUlZZnOoFhnKlQGlE4vbo6QyS3IAs58SN.png","url":"\/storage\/media\/2021\/09\/Ikmnh4BcUlZZnOoFhnKlQGlE4vbo6QyS3IAs58SN.png","media_type":"image\/png","type":"image","title":"apps.38282.13733306562729316.049f2fd1-b066-4cb5-b5","alternate_text":null,"caption":null,"description":null,"width":162,"height":162,"main_color":null,"guest_token":null},{"id":25,"created_at":"2021-10-06 08:13:26","updated_at":"2021-10-06 08:13:26","deleted_at":null,"author":3,"filename":"media\/2021\/10\/pQYJcEqqF7OBwco52l5i4Y4nWCvKw179oyXtkYEh.png","url":"\/storage\/media\/2021\/10\/pQYJcEqqF7OBwco52l5i4Y4nWCvKw179oyXtkYEh.png","media_type":"image\/png","type":"image","title":"placeholder1.png","alternate_text":null,"caption":null,"description":null,"width":634,"height":134,"main_color":null,"guest_token":null},{"id":26,"created_at":"2021-10-06 08:13:26","updated_at":"2021-10-06 08:13:26","deleted_at":null,"author":3,"filename":"media\/2021\/10\/DwyrzNHqg3MzUbuHFF9zNAmy4ncfjxe22S1IgEKk.png","url":"\/storage\/media\/2021\/10\/DwyrzNHqg3MzUbuHFF9zNAmy4ncfjxe22S1IgEKk.png","media_type":"image\/png","type":"image","title":"placeholder2.png","alternate_text":null,"caption":null,"description":null,"width":379,"height":442,"main_color":null,"guest_token":null},{"id":27,"created_at":"2021-10-06 08:13:26","updated_at":"2021-10-06 08:13:26","deleted_at":null,"author":3,"filename":"media\/2021\/10\/EX3H1m0gewmCPBFjOpgdSVYg8YmE340yUd4AGfDj.png","url":"\/storage\/media\/2021\/10\/EX3H1m0gewmCPBFjOpgdSVYg8YmE340yUd4AGfDj.png","media_type":"image\/png","type":"image","title":"placeholder1.png","alternate_text":null,"caption":null,"description":null,"width":634,"height":134,"main_color":null,"guest_token":null},{"id":28,"created_at":"2021-10-06 08:13:26","updated_at":"2021-10-06 08:13:26","deleted_at":null,"author":3,"filename":"media\/2021\/10\/F7Yv6rzGVefj0mhXIUgdkuAfSM0FihA7Dysq0g54.png","url":"\/storage\/media\/2021\/10\/F7Yv6rzGVefj0mhXIUgdkuAfSM0FihA7Dysq0g54.png","media_type":"image\/png","type":"image","title":"placeholder1.png","alternate_text":null,"caption":null,"description":null,"width":634,"height":134,"main_color":null,"guest_token":null},{"id":29,"created_at":"2021-10-06 08:13:26","updated_at":"2021-10-06 08:13:26","deleted_at":null,"author":3,"filename":"media\/2021\/10\/DjZSImZAzphzWSj7A02q1yJX5NzmCdy4ID0rHeE2.png","url":"\/storage\/media\/2021\/10\/DjZSImZAzphzWSj7A02q1yJX5NzmCdy4ID0rHeE2.png","media_type":"image\/png","type":"image","title":"placeholder2.png","alternate_text":null,"caption":null,"description":null,"width":379,"height":442,"main_color":null,"guest_token":null},{"id":30,"created_at":"2021-10-06 08:13:26","updated_at":"2021-10-06 08:13:26","deleted_at":null,"author":3,"filename":"media\/2021\/10\/uGRypET8ADnjpTLImIZMCUMcQpm05DsBe3oPldzb.png","url":"\/storage\/media\/2021\/10\/uGRypET8ADnjpTLImIZMCUMcQpm05DsBe3oPldzb.png","media_type":"image\/png","type":"image","title":"placeholder1.png","alternate_text":null,"caption":null,"description":null,"width":634,"height":134,"main_color":null,"guest_token":null},{"id":31,"created_at":"2021-10-06 08:13:26","updated_at":"2021-10-06 08:13:26","deleted_at":null,"author":3,"filename":"media\/2021\/10\/5wCT05xQlkjkoOCVFOTCRh3VTRXaKtpuJC0kh3jf.png","url":"\/storage\/media\/2021\/10\/5wCT05xQlkjkoOCVFOTCRh3VTRXaKtpuJC0kh3jf.png","media_type":"image\/png","type":"image","title":"placeholder1.png","alternate_text":null,"caption":null,"description":null,"width":634,"height":134,"main_color":null,"guest_token":null},{"id":32,"created_at":"2021-10-06 08:13:26","updated_at":"2021-10-06 08:13:26","deleted_at":null,"author":3,"filename":"media\/2021\/10\/g2iVCD9uI73qC7iYlbCWDzyjdeZAkeBcOMj3b6M7.png","url":"\/storage\/media\/2021\/10\/g2iVCD9uI73qC7iYlbCWDzyjdeZAkeBcOMj3b6M7.png","media_type":"image\/png","type":"image","title":"placeholder1.png","alternate_text":null,"caption":null,"description":null,"width":634,"height":134,"main_color":null,"guest_token":null},{"id":33,"created_at":"2021-10-06 08:13:26","updated_at":"2021-10-06 08:13:26","deleted_at":null,"author":3,"filename":"media\/2021\/10\/UqWvisaBpUUKXdEQK8K5OnWL1dNObW5OtxVd6YzK.png","url":"\/storage\/media\/2021\/10\/UqWvisaBpUUKXdEQK8K5OnWL1dNObW5OtxVd6YzK.png","media_type":"image\/png","type":"image","title":"placeholder1.png","alternate_text":null,"caption":null,"description":null,"width":634,"height":134,"main_color":null,"guest_token":null},{"id":34,"created_at":"2021-10-06 08:13:26","updated_at":"2021-10-06 08:13:26","deleted_at":null,"author":3,"filename":"media\/2021\/10\/ctaStgZK93KyBWCotcq1vejyYFOhA2SDqr4b4rD3.png","url":"\/storage\/media\/2021\/10\/ctaStgZK93KyBWCotcq1vejyYFOhA2SDqr4b4rD3.png","media_type":"image\/png","type":"image","title":"placeholder2.png","alternate_text":null,"caption":null,"description":null,"width":379,"height":442,"main_color":null,"guest_token":null},{"id":35,"created_at":"2021-10-06 08:13:26","updated_at":"2021-10-06 08:13:26","deleted_at":null,"author":3,"filename":"media\/2021\/10\/Q4QxRa9sYkyUn1AmmNsI93FbEsFDOj3VcgY9BL9p.png","url":"\/storage\/media\/2021\/10\/Q4QxRa9sYkyUn1AmmNsI93FbEsFDOj3VcgY9BL9p.png","media_type":"image\/png","type":"image","title":"placeholder1.png","alternate_text":null,"caption":null,"description":null,"width":634,"height":134,"main_color":null,"guest_token":null},{"id":36,"created_at":"2021-10-06 08:13:26","updated_at":"2021-10-06 08:13:26","deleted_at":null,"author":3,"filename":"media\/2021\/10\/h1LsassAYLKYMh72NWtABREFto7MaUBkDbEUi96E.png","url":"\/storage\/media\/2021\/10\/h1LsassAYLKYMh72NWtABREFto7MaUBkDbEUi96E.png","media_type":"image\/png","type":"image","title":"Screenshot_1.png","alternate_text":null,"caption":null,"description":null,"width":1899,"height":1050,"main_color":null,"guest_token":null},{"id":37,"created_at":"2021-10-06 08:13:26","updated_at":"2021-10-06 08:13:26","deleted_at":null,"author":3,"filename":"media\/2021\/10\/fsuI0gfrTsrkiqjmEkGUEt0x8hfJRJ7m3DA0uPZG.png","url":"\/storage\/media\/2021\/10\/fsuI0gfrTsrkiqjmEkGUEt0x8hfJRJ7m3DA0uPZG.png","media_type":"image\/png","type":"image","title":"placeholder1.png","alternate_text":null,"caption":null,"description":null,"width":634,"height":134,"main_color":null,"guest_token":null},{"id":38,"created_at":"2021-10-06 08:13:26","updated_at":"2021-10-06 08:13:26","deleted_at":null,"author":3,"filename":"media\/2021\/10\/yvPx2ax70nPS6TzcVOzuXnUiNTk5LFfqehZgta67.png","url":"\/storage\/media\/2021\/10\/yvPx2ax70nPS6TzcVOzuXnUiNTk5LFfqehZgta67.png","media_type":"image\/png","type":"image","title":"placeholder1.png","alternate_text":null,"caption":null,"description":null,"width":634,"height":134,"main_color":null,"guest_token":null},{"id":39,"created_at":"2021-10-06 08:13:26","updated_at":"2021-10-06 08:13:26","deleted_at":null,"author":3,"filename":"media\/2021\/10\/S9XqUrNwVyAOqebkWbI4de3zex3Q1ZnSyMQNdMOm.png","url":"\/storage\/media\/2021\/10\/S9XqUrNwVyAOqebkWbI4de3zex3Q1ZnSyMQNdMOm.png","media_type":"image\/png","type":"image","title":"Screenshot_1.png","alternate_text":null,"caption":null,"description":null,"width":1899,"height":1050,"main_color":null,"guest_token":null},{"id":40,"created_at":"2021-10-06 08:13:26","updated_at":"2021-10-06 08:13:26","deleted_at":null,"author":3,"filename":"media\/2021\/10\/Rv3OkT5X0E0aeMQmY7XyCRgyoKeOQzJ4anmqL8TH.png","url":"\/storage\/media\/2021\/10\/Rv3OkT5X0E0aeMQmY7XyCRgyoKeOQzJ4anmqL8TH.png","media_type":"image\/png","type":"image","title":"Screenshot_1.png","alternate_text":null,"caption":null,"description":null,"width":1899,"height":1050,"main_color":null,"guest_token":null},{"id":42,"created_at":"2021-10-06 08:13:26","updated_at":"2021-10-06 08:13:26","deleted_at":null,"author":3,"filename":"media\/2021\/10\/TdpQoDzF6lef7tdJtidnd3ft7HJBMX6j8DJqCfI1.jpg","url":"\/storage\/media\/2021\/10\/TdpQoDzF6lef7tdJtidnd3ft7HJBMX6j8DJqCfI1.jpg","media_type":"image\/jpeg","type":"image","title":"photo_2021-08-09_10-45-36.jpg","alternate_text":null,"caption":null,"description":null,"width":1280,"height":1280,"main_color":null,"guest_token":null},{"id":43,"created_at":"2021-10-06 08:13:26","updated_at":"2021-10-06 08:13:26","deleted_at":null,"author":3,"filename":"media\/2021\/10\/xEhHu0FPd8wEQVE6rwKktF7yjlfK8UBJHteqijU8.jpg","url":"\/storage\/media\/2021\/10\/xEhHu0FPd8wEQVE6rwKktF7yjlfK8UBJHteqijU8.jpg","media_type":"image\/jpeg","type":"image","title":"photo_2021-08-09_10-45-36.jpg","alternate_text":null,"caption":null,"description":null,"width":1280,"height":1280,"main_color":null,"guest_token":null},{"id":51,"created_at":"2021-10-06 08:13:26","updated_at":"2021-10-06 08:13:26","deleted_at":null,"author":3,"filename":"media\/2021\/10\/wDKZiTmfxgluKbQ8IRIeNmKBsvHBfWXhzauluNDT.jfif","url":"\/storage\/media\/2021\/10\/wDKZiTmfxgluKbQ8IRIeNmKBsvHBfWXhzauluNDT.jfif","media_type":"image\/jpeg","type":"other","title":"44727718.jfif","alternate_text":null,"caption":null,"description":null,"width":460,"height":460,"main_color":null,"guest_token":null},{"id":117,"created_at":"2021-10-19 21:53:45","updated_at":"2021-10-19 21:53:45","deleted_at":null,"author":3,"filename":"media\/2021\/10\/NqO8lMtS35zQLQy4akCsfnCFu3C58Gbb8FZYtUrE.png","url":"\/storage\/media\/2021\/10\/NqO8lMtS35zQLQy4akCsfnCFu3C58Gbb8FZYtUrE.png","media_type":"image\/png","type":"image","title":"Screenshot_2.png","alternate_text":null,"caption":null,"description":null,"width":1642,"height":889,"main_color":"#315EFB","guest_token":null},{"id":118,"created_at":"2021-10-19 21:53:50","updated_at":"2021-10-19 21:53:50","deleted_at":null,"author":3,"filename":"media\/2021\/10\/81uQxOXxEfPRpRf9xR6R21h9l6bI6qeHt9NFlqGz.json","url":"\/storage\/media\/2021\/10\/81uQxOXxEfPRpRf9xR6R21h9l6bI6qeHt9NFlqGz.json","media_type":"application\/json","type":"other","title":"templates_basic.json","alternate_text":null,"caption":null,"description":null,"width":0,"height":0,"main_color":"","guest_token":null},{"id":120,"created_at":"2021-10-19 22:15:43","updated_at":"2021-10-19 22:15:43","deleted_at":null,"author":3,"filename":"media\/2021\/10\/It35Xy01qpAZil6vjRC7a7ueeDh9xCmXfmUju6wA.jpg","url":"\/storage\/media\/2021\/10\/It35Xy01qpAZil6vjRC7a7ueeDh9xCmXfmUju6wA.jpg","media_type":"image\/jpeg","type":"image","title":"LPC7cmIhcb0.jpg","alternate_text":null,"caption":null,"description":null,"width":574,"height":1003,"main_color":"#FFFE03","guest_token":null},{"id":121,"created_at":"2021-10-19 22:15:45","updated_at":"2021-10-19 22:15:45","deleted_at":null,"author":3,"filename":"media\/2021\/10\/v5mztY4V5caYxhXfamSsJSNfIut9dgtESnraMzWZ.zip","url":"\/storage\/media\/2021\/10\/v5mztY4V5caYxhXfamSsJSNfIut9dgtESnraMzWZ.zip","media_type":"application\/x-zip-compressed","type":"archive","title":"altrptemplates.zip","alternate_text":null,"caption":null,"description":null,"width":0,"height":0,"main_color":"","guest_token":null},{"id":123,"created_at":"2021-10-25 07:57:35","updated_at":"2021-10-25 07:57:35","deleted_at":null,"author":3,"filename":"media\/2021\/10\/YcCmM7p1UKJlQnXfqTSd8CDaDaGefbwnkV7NRWxZ.json","url":"\/storage\/media\/2021\/10\/YcCmM7p1UKJlQnXfqTSd8CDaDaGefbwnkV7NRWxZ.json","media_type":"application\/json","type":"other","title":"create template.json","alternate_text":null,"caption":null,"description":null,"width":0,"height":0,"main_color":"","guest_token":null},{"id":124,"created_at":"2021-10-25 07:57:42","updated_at":"2021-10-25 07:57:42","deleted_at":null,"author":3,"filename":"media\/2021\/10\/mgF9hjqjRkATx0KKAp4LWo06FdtEFWioLxCqIJcW.jpg","url":"\/storage\/media\/2021\/10\/mgF9hjqjRkATx0KKAp4LWo06FdtEFWioLxCqIJcW.jpg","media_type":"image\/jpeg","type":"image","title":"LPC7cmIhcb0.jpg","alternate_text":null,"caption":null,"description":null,"width":574,"height":1003,"main_color":"#FFFE03","guest_token":null}]