[{"id":21,"created_at":"2021-10-17 12:19:10","updated_at":"2021-10-17 12:19:10","page_id":21,"template_id":226,"template_type":"content","condition_type":"include","page_guid":"b4a95161-453b-46e2-b3fc-fc3d2339b5a8","template_guid":"ba5e4714-0f2b-4209-8b0c-99a2d0e7c4de"},{"id":22,"created_at":"2021-10-17 12:30:55","updated_at":"2021-10-17 12:30:55","page_id":6,"template_id":6,"template_type":"content","condition_type":"include","page_guid":"0e924757-e0b9-4b96-a066-49a45b59f9b8","template_guid":"5d98ce95-550e-4b35-a370-b5ea48509563"},{"id":23,"created_at":"2021-10-17 13:03:11","updated_at":"2021-10-17 13:03:11","page_id":12,"template_id":14,"template_type":"content","condition_type":"include","page_guid":"0ead3252-63e3-4adf-aa98-1e375759908a","template_guid":"17b68863-e775-4b24-9d12-418f31443938"},{"id":24,"created_at":"2021-10-18 07:18:08","updated_at":"2021-10-18 07:18:08","page_id":17,"template_id":118,"template_type":"content","condition_type":"include","page_guid":"2bd8acf2-d41e-489e-8aff-0941f88615b7","template_guid":"23d529df-d2e2-4c78-b0f0-0d8155eb2154"},{"id":25,"created_at":"2021-10-18 07:24:06","updated_at":"2021-10-18 07:24:06","page_id":20,"template_id":172,"template_type":"content","condition_type":"include","page_guid":"976f5da1-22be-4884-9573-919c916f306b","template_guid":"5f5d922d-c765-42f7-aad4-7db7effeb57e"},{"id":26,"created_at":"2021-10-18 07:50:52","updated_at":"2021-10-18 07:50:52","page_id":11,"template_id":12,"template_type":"content","condition_type":"include","page_guid":"9b637a8a-d98c-4ec3-8f31-5b932ce10dd0","template_guid":"c5b37a40-eb7c-46fe-a843-5415240425b7"}]