[{"id":22,"page_id":21,"source_id":116,"alias":"templates","priority":100,"parameters":"user | {{altrpuser.id}}","created_at":"2021-10-17 12:17:22","updated_at":"2021-10-17 12:17:22","page_guid":"b4a95161-453b-46e2-b3fc-fc3d2339b5a8","autoload":1,"server_side":0,"source_url":"\/order_item_models\/get_bought_templates","source_type":"get_bought_templates"},{"id":23,"page_id":6,"source_id":10,"alias":"templatesdata","priority":100,"parameters":"","created_at":"2021-10-17 12:25:11","updated_at":"2021-10-17 12:25:11","page_guid":"0e924757-e0b9-4b96-a066-49a45b59f9b8","autoload":1,"server_side":0,"source_url":"\/items\/get_preview_templates","source_type":"get_preview_templates"},{"id":24,"page_id":12,"source_id":9,"alias":"template","priority":100,"parameters":"id | {{id}}","created_at":"2021-10-17 13:02:59","updated_at":"2021-10-17 13:02:59","page_guid":"0ead3252-63e3-4adf-aa98-1e375759908a","autoload":1,"server_side":0,"source_url":"\/items\/get_current_template","source_type":"get_current_template"},{"id":25,"page_id":17,"source_id":103,"alias":"user_cart","priority":99,"parameters":"user_id | {{altrpuser.id}}","created_at":"2021-10-17 13:06:46","updated_at":"2021-10-18 07:27:20","page_guid":"2bd8acf2-d41e-489e-8aff-0941f88615b7","autoload":1,"server_side":0,"source_url":"\/user_carts\/get_user_cart","source_type":"get_user_cart"},{"id":26,"page_id":17,"source_id":105,"alias":"items","priority":100,"parameters":"cart_id | {{altrpdata.user_cart.id}}","created_at":"2021-10-17 13:14:25","updated_at":"2021-10-18 07:52:28","page_guid":"2bd8acf2-d41e-489e-8aff-0941f88615b7","autoload":1,"server_side":0,"source_url":"\/cart_items\/get_items_from_current_cart","source_type":"get_items_from_current_cart"},{"id":27,"page_id":12,"source_id":103,"alias":"user_cart","priority":100,"parameters":"user_id | {{altrpuser.id}}","created_at":"2021-10-18 07:25:22","updated_at":"2021-10-18 07:25:22","page_guid":"0ead3252-63e3-4adf-aa98-1e375759908a","autoload":1,"server_side":0,"source_url":"\/user_carts\/get_user_cart","source_type":"get_user_cart"},{"id":28,"page_id":20,"source_id":103,"alias":"user_cart","priority":100,"parameters":"user_id | {{altrpuser.id}}","created_at":"2021-10-18 07:27:56","updated_at":"2021-10-18 07:27:56","page_guid":"976f5da1-22be-4884-9573-919c916f306b","autoload":1,"server_side":0,"source_url":"\/user_carts\/get_user_cart","source_type":"get_user_cart"},{"id":29,"page_id":22,"source_id":118,"alias":"sets","priority":100,"parameters":"","created_at":"2021-10-19 21:58:28","updated_at":"2021-10-19 21:58:28","page_guid":"d008a4ec-61d9-44dd-be0b-e3d858e7cbaa","autoload":1,"server_side":0,"source_url":"\/items\/get_preview_sets","source_type":"get_preview_sets"},{"id":30,"page_id":23,"source_id":119,"alias":"set","priority":100,"parameters":"id | {{id}}","created_at":"2021-10-19 22:08:01","updated_at":"2021-10-19 22:08:01","page_guid":"9ffd2361-52c7-450f-a36d-2bfc9b10b147","autoload":1,"server_side":0,"source_url":"\/items\/get_current_set","source_type":"get_current_set"},{"id":31,"page_id":25,"source_id":116,"alias":"templates","priority":100,"parameters":"user | {{altrpuser.id}}","created_at":"2021-10-21 22:21:50","updated_at":"2021-10-21 22:21:50","page_guid":"a746afb4-7d0d-4e5d-8930-d813fbc49db8","autoload":1,"server_side":0,"source_url":"\/order_item_models\/get_bought_templates","source_type":"get_bought_templates"}]