[{"role_id":1,"page_id":21,"page_guid":"b4a95161-453b-46e2-b3fc-fc3d2339b5a8","role_name":"admin"},{"role_id":1,"page_id":22,"page_guid":"d008a4ec-61d9-44dd-be0b-e3d858e7cbaa","role_name":"admin"},{"role_id":1,"page_id":23,"page_guid":"9ffd2361-52c7-450f-a36d-2bfc9b10b147","role_name":"admin"},{"role_id":1,"page_id":24,"page_guid":"a5a03545-0092-4d70-8267-0076a5ff90f8","role_name":"admin"},{"role_id":1,"page_id":25,"page_guid":"a746afb4-7d0d-4e5d-8930-d813fbc49db8","role_name":"admin"},{"role_id":2,"page_id":21,"page_guid":"b4a95161-453b-46e2-b3fc-fc3d2339b5a8","role_name":"user"},{"role_id":2,"page_id":22,"page_guid":"d008a4ec-61d9-44dd-be0b-e3d858e7cbaa","role_name":"user"},{"role_id":2,"page_id":23,"page_guid":"9ffd2361-52c7-450f-a36d-2bfc9b10b147","role_name":"user"},{"role_id":2,"page_id":24,"page_guid":"a5a03545-0092-4d70-8267-0076a5ff90f8","role_name":"user"},{"role_id":2,"page_id":25,"page_guid":"a746afb4-7d0d-4e5d-8930-d813fbc49db8","role_name":"user"}]