[{"id":2,"created_at":"2021-10-06 08:13:26","updated_at":"2021-10-06 08:13:26","deleted_at":null,"title":"registration","author":3,"content":"","path":"\/registration","model_id":null,"for_guest":0,"redirect":"\/home","guid":"2263d876-f3e8-4cbd-908e-031b75df3bf8","parent_page_id":null,"type":null,"seo_description":null,"seo_keywords":null,"seo_title":null,"is_cached":null,"not_found":null,"sections_count":null,"icon":null,"param_name":null,"model_column":null,"model_name":null},{"id":4,"created_at":"2021-10-06 08:13:26","updated_at":"2021-10-13 08:34:56","deleted_at":null,"title":"login","author":3,"content":"","path":"\/login","model_id":null,"for_guest":1,"redirect":"\/","guid":"a6c677c5-2fa0-412d-9b0b-1cc56a572e83","parent_page_id":null,"type":null,"seo_description":null,"seo_keywords":null,"seo_title":null,"is_cached":null,"not_found":null,"sections_count":null,"icon":null,"param_name":null,"model_column":null,"model_name":null},{"id":5,"created_at":"2021-10-06 08:13:26","updated_at":"2021-10-09 12:40:12","deleted_at":null,"title":"home","author":3,"content":"","path":"\/","model_id":null,"for_guest":0,"redirect":"\/login","guid":"0b7be77b-3f6b-4d82-b26f-6f677f807a06","parent_page_id":null,"type":null,"seo_description":null,"seo_keywords":null,"seo_title":null,"is_cached":null,"not_found":null,"sections_count":null,"icon":null,"param_name":null,"model_column":null,"model_name":null},{"id":6,"created_at":"2021-10-06 08:13:26","updated_at":"2021-10-17 12:25:12","deleted_at":null,"title":"templates","author":3,"content":"","path":"\/templates","model_id":null,"for_guest":0,"redirect":"\/login","guid":"0e924757-e0b9-4b96-a066-49a45b59f9b8","parent_page_id":null,"type":null,"seo_description":null,"seo_keywords":null,"seo_title":null,"is_cached":null,"not_found":null,"sections_count":null,"icon":null,"param_name":null,"model_column":null,"model_name":null},{"id":7,"created_at":"2021-10-06 08:13:26","updated_at":"2021-10-06 08:13:26","deleted_at":null,"title":"404","author":3,"content":"","path":"\/not_found","model_id":null,"for_guest":0,"redirect":null,"guid":"51b8e107-1654-42d1-8bd4-a5886a6199a5","parent_page_id":null,"type":null,"seo_description":null,"seo_keywords":null,"seo_title":null,"is_cached":0,"not_found":1,"sections_count":null,"icon":null,"param_name":null,"model_column":null,"model_name":null},{"id":8,"created_at":"2021-10-06 08:13:26","updated_at":"2021-10-06 08:13:26","deleted_at":null,"title":"404","author":3,"content":"","path":"\/not_found","model_id":null,"for_guest":0,"redirect":null,"guid":"8ee37dfc-43a1-4b5c-9fea-a2d6f270ab32","parent_page_id":null,"type":null,"seo_description":null,"seo_keywords":null,"seo_title":null,"is_cached":null,"not_found":1,"sections_count":null,"icon":null,"param_name":null,"model_column":null,"model_name":null},{"id":9,"created_at":"2021-10-06 08:13:26","updated_at":"2021-10-08 14:24:36","deleted_at":null,"title":"plugins","author":3,"content":"","path":"\/dplugins","model_id":null,"for_guest":0,"redirect":"\/login","guid":"b8b9eb97-0a42-4c02-953a-a438b694de10","parent_page_id":null,"type":null,"seo_description":null,"seo_keywords":null,"seo_title":null,"is_cached":null,"not_found":null,"sections_count":null,"icon":null,"param_name":null,"model_column":null,"model_name":null},{"id":10,"created_at":"2021-10-06 08:13:26","updated_at":"2021-10-08 14:24:46","deleted_at":null,"title":"modules","author":3,"content":"","path":"\/dmodules","model_id":7,"for_guest":0,"redirect":"\/login","guid":"1637b250-457b-4755-a6d2-4bdfb4d9f9f4","parent_page_id":null,"type":null,"seo_description":null,"seo_keywords":null,"seo_title":null,"is_cached":null,"not_found":null,"sections_count":null,"icon":null,"param_name":null,"model_column":null,"model_name":null},{"id":11,"created_at":"2021-10-06 08:13:26","updated_at":"2021-10-08 15:31:18","deleted_at":null,"title":"create template","author":3,"content":"","path":"\/templates\/create","model_id":null,"for_guest":0,"redirect":null,"guid":"9b637a8a-d98c-4ec3-8f31-5b932ce10dd0","parent_page_id":8,"type":null,"seo_description":null,"seo_keywords":null,"seo_title":null,"is_cached":null,"not_found":null,"sections_count":null,"icon":null,"param_name":null,"model_column":null,"model_name":null},{"id":12,"created_at":"2021-10-06 08:13:26","updated_at":"2021-10-18 07:25:24","deleted_at":null,"title":"templates_basic","author":3,"content":"","path":"\/templates\/:id","model_id":5,"for_guest":0,"redirect":"","guid":"0ead3252-63e3-4adf-aa98-1e375759908a","parent_page_id":8,"type":null,"seo_description":null,"seo_keywords":null,"seo_title":null,"is_cached":null,"not_found":null,"sections_count":null,"icon":null,"param_name":null,"model_column":null,"model_name":"item"},{"id":13,"created_at":"2021-10-06 17:55:45","updated_at":"2021-10-08 15:29:57","deleted_at":null,"title":"create plugin","author":3,"content":"","path":"\/dplugins\/create","model_id":6,"for_guest":0,"redirect":null,"guid":"6524f1a1-8be6-44a0-897e-c7f0d190f16f","parent_page_id":9,"type":null,"seo_description":null,"seo_keywords":null,"seo_title":null,"is_cached":null,"not_found":null,"sections_count":null,"icon":null,"param_name":null,"model_column":null,"model_name":null},{"id":14,"created_at":"2021-10-06 18:15:16","updated_at":"2021-10-06 18:15:16","deleted_at":null,"title":"plugin basic","author":3,"content":"","path":"\/dplugins\/:id","model_id":6,"for_guest":0,"redirect":null,"guid":"01804bb2-9048-47cb-b740-a54fe0ad47db","parent_page_id":9,"type":null,"seo_description":null,"seo_keywords":null,"seo_title":null,"is_cached":null,"not_found":null,"sections_count":null,"icon":null,"param_name":null,"model_column":null,"model_name":null},{"id":15,"created_at":"2021-10-07 01:12:00","updated_at":"2021-10-08 14:24:27","deleted_at":null,"title":"create module","author":3,"content":"","path":"\/dmodules\/create","model_id":7,"for_guest":0,"redirect":"\/login","guid":"17f33591-99b8-4c57-ac55-1810c5f8c957","parent_page_id":10,"type":null,"seo_description":null,"seo_keywords":null,"seo_title":null,"is_cached":null,"not_found":null,"sections_count":null,"icon":null,"param_name":null,"model_column":null,"model_name":null},{"id":16,"created_at":"2021-10-07 01:12:41","updated_at":"2021-10-08 14:24:41","deleted_at":null,"title":"module basic","author":3,"content":"","path":"\/dmodules\/:id","model_id":7,"for_guest":0,"redirect":"\/login","guid":"7045c192-05fe-431f-ba9b-82835c9ce698","parent_page_id":10,"type":null,"seo_description":null,"seo_keywords":null,"seo_title":null,"is_cached":null,"not_found":null,"sections_count":null,"icon":null,"param_name":null,"model_column":null,"model_name":null},{"id":17,"created_at":"2021-10-12 01:09:50","updated_at":"2021-10-17 13:06:49","deleted_at":null,"title":"cart","author":3,"content":"","path":"\/cart","model_id":null,"for_guest":0,"redirect":"","guid":"2bd8acf2-d41e-489e-8aff-0941f88615b7","parent_page_id":null,"type":null,"seo_description":null,"seo_keywords":null,"seo_title":null,"is_cached":null,"not_found":null,"sections_count":null,"icon":null,"param_name":null,"model_column":null,"model_name":null},{"id":20,"created_at":"2021-10-13 13:12:24","updated_at":"2021-10-18 07:27:58","deleted_at":null,"title":"payment","author":3,"content":"","path":"\/dpayment\/:id","model_id":null,"for_guest":0,"redirect":"\/login","guid":"976f5da1-22be-4884-9573-919c916f306b","parent_page_id":17,"type":null,"seo_description":null,"seo_keywords":null,"seo_title":null,"is_cached":null,"not_found":null,"sections_count":null,"icon":null,"param_name":null,"model_column":null,"model_name":null},{"id":21,"created_at":"2021-10-15 14:26:44","updated_at":"2021-10-17 12:17:28","deleted_at":null,"title":"get templates","author":3,"content":"","path":"\/get\/templates","model_id":null,"for_guest":0,"redirect":"\/login","guid":"b4a95161-453b-46e2-b3fc-fc3d2339b5a8","parent_page_id":6,"type":null,"seo_description":null,"seo_keywords":null,"seo_title":null,"is_cached":null,"not_found":null,"sections_count":null,"icon":null,"param_name":null,"model_column":null,"model_name":null},{"id":22,"created_at":"2021-10-19 21:50:10","updated_at":"2021-10-19 21:50:10","deleted_at":null,"title":"sets","author":3,"content":"","path":"\/sets","model_id":null,"for_guest":0,"redirect":"\/login","guid":"d008a4ec-61d9-44dd-be0b-e3d858e7cbaa","parent_page_id":null,"type":null,"seo_description":null,"seo_keywords":null,"seo_title":null,"is_cached":null,"not_found":null,"sections_count":null,"icon":null,"param_name":null,"model_column":null,"model_name":null},{"id":23,"created_at":"2021-10-19 21:55:26","updated_at":"2021-10-19 22:13:42","deleted_at":null,"title":"sets basic","author":3,"content":"","path":"\/set\/:id","model_id":null,"for_guest":0,"redirect":"\/login","guid":"9ffd2361-52c7-450f-a36d-2bfc9b10b147","parent_page_id":22,"type":null,"seo_description":null,"seo_keywords":null,"seo_title":null,"is_cached":null,"not_found":null,"sections_count":null,"icon":null,"param_name":null,"model_column":null,"model_name":null},{"id":24,"created_at":"2021-10-19 21:55:45","updated_at":"2021-10-19 21:55:47","deleted_at":null,"title":"set create","author":3,"content":"","path":"\/sets\/create","model_id":null,"for_guest":0,"redirect":"\/login","guid":"a5a03545-0092-4d70-8267-0076a5ff90f8","parent_page_id":22,"type":null,"seo_description":null,"seo_keywords":null,"seo_title":null,"is_cached":null,"not_found":null,"sections_count":null,"icon":null,"param_name":null,"model_column":null,"model_name":null},{"id":25,"created_at":"2021-10-21 22:21:00","updated_at":"2021-10-21 22:21:51","deleted_at":null,"title":"get sections from template","author":3,"content":"","path":"\/get\/templates\/section","model_id":null,"for_guest":0,"redirect":"\/login","guid":"a746afb4-7d0d-4e5d-8930-d813fbc49db8","parent_page_id":null,"type":null,"seo_description":null,"seo_keywords":null,"seo_title":null,"is_cached":null,"not_found":null,"sections_count":null,"icon":null,"param_name":null,"model_column":null,"model_name":null},{"id":26,"created_at":"2021-11-05 12:58:27","updated_at":"2021-11-05 12:58:27","deleted_at":null,"title":"testteeee","author":3,"content":"","path":"\/testeee","model_id":null,"for_guest":0,"redirect":null,"guid":"dbdb6c45-21e2-420c-abcf-3fcef8443a75","parent_page_id":null,"type":null,"seo_description":null,"seo_keywords":null,"seo_title":null,"is_cached":null,"not_found":null,"sections_count":null,"icon":null,"param_name":null,"model_column":null,"model_name":null}]