[{"id":5,"created_at":"2021-10-06 08:13:25","updated_at":"2021-10-13 08:45:42","name":"item","title":"item","soft_deletes":0,"time_stamps":1,"namespace":"App\\AltrpModels\\item","parent_model_id":null,"fillable_cols":null,"user_cols":null,"path":null,"table_id":5,"pk":"id","description":"\u0422\u043e\u0432\u0430\u0440","bounded_model":null,"last_upgrade":"2021-10-13 08:45:42","preset":0,"table_name":"items","parent_model_name":null},{"id":8,"created_at":"2021-10-08 03:16:19","updated_at":"2021-10-13 08:45:42","name":"order","title":"order","soft_deletes":0,"time_stamps":0,"namespace":"App\\AltrpModels\\order","parent_model_id":null,"fillable_cols":null,"user_cols":null,"path":null,"table_id":8,"pk":"id","description":"\u041e\u043f\u0438\u0441\u044b\u0432\u0430\u0435\u0442 \u0437\u0430\u043a\u0430\u0437 \u043f\u043e\u043b\u044c\u0437\u043e\u0432\u0430\u0442\u0435\u043b\u044f","bounded_model":null,"last_upgrade":"2021-10-13 08:45:42","preset":0,"table_name":"orders","parent_model_name":null},{"id":10,"created_at":"2021-10-08 03:20:32","updated_at":"2021-10-13 08:45:42","name":"order_item_model","title":"order item","soft_deletes":0,"time_stamps":0,"namespace":"App\\AltrpModels\\order_item_model","parent_model_id":null,"fillable_cols":null,"user_cols":null,"path":null,"table_id":10,"pk":"id","description":"\u041e\u043f\u0438\u0441\u044b\u0432\u0430\u0435\u0442 \u043f\u043e\u0437\u0438\u0446\u0438\u044e \u0437\u0430\u043a\u0430\u0437\u0430","bounded_model":null,"last_upgrade":"2021-10-13 08:45:42","preset":0,"table_name":"order_item_models","parent_model_name":null},{"id":11,"created_at":"2021-10-08 03:26:04","updated_at":"2021-10-13 08:45:42","name":"subscription","title":"subscription","soft_deletes":0,"time_stamps":0,"namespace":"App\\AltrpModels\\subscription","parent_model_id":null,"fillable_cols":null,"user_cols":null,"path":null,"table_id":11,"pk":"id","description":"\u0422\u043e\u0432\u0430\u0440-\u043f\u043e\u0434\u043f\u0438\u0441\u043a\u0430","bounded_model":null,"last_upgrade":"2021-10-13 08:45:42","preset":0,"table_name":"subscriptions","parent_model_name":null},{"id":12,"created_at":"2021-10-08 03:30:29","updated_at":"2021-10-13 08:45:42","name":"payment","title":"payment","soft_deletes":0,"time_stamps":0,"namespace":"App\\AltrpModels\\payment","parent_model_id":null,"fillable_cols":null,"user_cols":null,"path":null,"table_id":12,"pk":"id","description":"\u0414\u0430\u043d\u043d\u044b\u0435 \u0434\u043b\u044f \u0445\u0440\u0430\u043d\u0435\u043d\u0438\u044f \u0438\u043d\u0444\u043e\u0440\u043c\u0430\u0446\u0438\u0438 \u043e\u0431 \u043e\u043f\u043b\u0430\u0442\u0435","bounded_model":null,"last_upgrade":"2021-10-13 08:45:42","preset":0,"table_name":"payments","parent_model_name":null},{"id":13,"created_at":"2021-10-08 03:31:21","updated_at":"2021-10-13 08:45:43","name":"user_cart","title":"user cart","soft_deletes":0,"time_stamps":0,"namespace":"App\\AltrpModels\\user_cart","parent_model_id":null,"fillable_cols":null,"user_cols":null,"path":null,"table_id":13,"pk":"id","description":"\u041a\u043e\u0440\u0437\u0438\u043d\u0430 \u043f\u043e\u043b\u044c\u0437\u043e\u0432\u0430\u0442\u0435\u043b\u044f","bounded_model":null,"last_upgrade":"2021-10-13 08:45:43","preset":0,"table_name":"user_carts","parent_model_name":null},{"id":14,"created_at":"2021-10-08 03:34:07","updated_at":"2021-10-13 08:45:43","name":"cart_item","title":"cart Item","soft_deletes":0,"time_stamps":0,"namespace":"App\\AltrpModels\\cart_item","parent_model_id":null,"fillable_cols":null,"user_cols":null,"path":null,"table_id":14,"pk":"id","description":"\u0418\u043d\u0444\u043e\u0440\u043c\u0430\u0446\u0438\u044f \u043e\u0431 \u043f\u043e\u0437\u0438\u0446\u0438\u0438 \u0442\u043e\u0432\u0430\u0440\u0430 \u0432 \u043a\u043e\u0440\u0437\u0438\u043d\u0435","bounded_model":null,"last_upgrade":"2021-10-13 08:45:43","preset":0,"table_name":"cart_items","parent_model_name":null},{"id":15,"created_at":"2021-10-08 03:37:59","updated_at":"2021-10-13 08:45:43","name":"order_item_site","title":"order item site","soft_deletes":0,"time_stamps":0,"namespace":"App\\AltrpModels\\order_item_site","parent_model_id":null,"fillable_cols":null,"user_cols":null,"path":null,"table_id":15,"pk":"id","description":"\u0418\u043d\u0444\u043e\u0440\u043c\u0430\u0446\u0438\u044f \u043e \u0441\u0430\u0439\u0442\u0435, \u0434\u043b\u044f \u043a\u043e\u0442\u043e\u0440\u043e\u0433\u043e \u0443\u0436\u0435 \u043f\u0440\u0438\u043e\u0431\u0440\u0435\u0442\u0435\u043d \u0442\u043e\u0432\u0430\u0440","bounded_model":null,"last_upgrade":"2021-10-13 08:45:43","preset":0,"table_name":"order_item_sites","parent_model_name":null},{"id":16,"created_at":"2021-10-08 03:39:35","updated_at":"2021-10-13 08:45:43","name":"cart_item_site","title":"cart item site","soft_deletes":0,"time_stamps":0,"namespace":"App\\AltrpModels\\cart_item_site","parent_model_id":null,"fillable_cols":null,"user_cols":null,"path":null,"table_id":16,"pk":"id","description":"\u0418\u043d\u0444\u043e\u0440\u043c\u0430\u0446\u0438\u044f \u043e \u0441\u0430\u0439\u0442\u0435, \u0434\u043b\u044f \u043a\u043e\u0442\u043e\u0440\u043e\u0433\u043e \u0431\u0443\u0434\u0435\u0442 \u043f\u0440\u0438\u043e\u0431\u0440\u0435\u0442\u0435\u043d \u0442\u043e\u0432\u0430\u0440","bounded_model":null,"last_upgrade":"2021-10-13 08:45:43","preset":0,"table_name":"cart_item_sites","parent_model_name":null},{"id":17,"created_at":"2021-11-02 20:43:18","updated_at":"2021-11-02 20:44:41","name":"test_type","title":"test_type","soft_deletes":0,"time_stamps":0,"namespace":"App\\AltrpModels\\test_type","parent_model_id":null,"fillable_cols":null,"user_cols":null,"path":null,"table_id":17,"pk":"id","description":null,"bounded_model":null,"last_upgrade":null,"preset":0,"table_name":"test_types","parent_model_name":null},{"id":18,"created_at":"2021-11-02 20:43:24","updated_at":"2021-11-02 20:43:24","name":"test","title":"test","soft_deletes":0,"time_stamps":0,"namespace":"App\\AltrpModels\\test","parent_model_id":null,"fillable_cols":null,"user_cols":null,"path":null,"table_id":18,"pk":"id","description":null,"bounded_model":null,"last_upgrade":null,"preset":0,"table_name":"tests","parent_model_name":null}]