[{"id":1,"name":"users","title":"Users","description":null,"user_id":null,"deleted_at":null,"created_at":null,"updated_at":null,"preset":1},{"id":2,"name":"altrp_media","title":"Media","description":null,"user_id":null,"deleted_at":null,"created_at":"2021-09-29 19:50:46","updated_at":"2021-09-29 19:50:46","preset":1},{"id":3,"name":"user_metas","title":"UserMeta","description":null,"user_id":null,"deleted_at":null,"created_at":"2021-09-29 19:50:46","updated_at":"2021-09-29 19:50:46","preset":1},{"id":4,"name":"role_user","title":"Role User","description":null,"user_id":null,"deleted_at":null,"created_at":"2021-09-29 19:50:46","updated_at":"2021-09-29 19:50:46","preset":1},{"id":5,"name":"items","title":"Items","description":null,"user_id":3,"deleted_at":null,"created_at":"2021-10-06 08:13:25","updated_at":"2021-10-12 11:12:21","preset":0},{"id":6,"name":"plugins","title":"Plugins","description":null,"user_id":3,"deleted_at":null,"created_at":"2021-10-06 17:45:28","updated_at":"2021-10-06 17:45:28","preset":0},{"id":7,"name":"modules","title":"Modules","description":null,"user_id":3,"deleted_at":null,"created_at":"2021-10-07 01:04:59","updated_at":"2021-10-07 01:39:38","preset":0},{"id":8,"name":"orders","title":"Orders","description":null,"user_id":3,"deleted_at":null,"created_at":"2021-10-08 03:16:19","updated_at":"2021-10-08 03:16:19","preset":0},{"id":9,"name":"order_items","title":"Order_items","description":null,"user_id":3,"deleted_at":null,"created_at":"2021-10-08 03:18:54","updated_at":"2021-10-08 03:18:54","preset":0},{"id":10,"name":"order_item_models","title":"Order_item_models","description":null,"user_id":3,"deleted_at":null,"created_at":"2021-10-08 03:20:32","updated_at":"2021-10-08 03:20:32","preset":0},{"id":11,"name":"subscriptions","title":"Subscriptions","description":null,"user_id":3,"deleted_at":null,"created_at":"2021-10-08 03:26:04","updated_at":"2021-10-08 03:26:04","preset":0},{"id":12,"name":"payments","title":"Payments","description":null,"user_id":3,"deleted_at":null,"created_at":"2021-10-08 03:30:29","updated_at":"2021-10-08 03:30:29","preset":0},{"id":13,"name":"user_carts","title":"User_carts","description":null,"user_id":3,"deleted_at":null,"created_at":"2021-10-08 03:31:21","updated_at":"2021-10-08 03:31:21","preset":0},{"id":14,"name":"cart_items","title":"Cart_items","description":null,"user_id":3,"deleted_at":null,"created_at":"2021-10-08 03:34:07","updated_at":"2021-10-08 03:34:07","preset":0},{"id":15,"name":"order_item_sites","title":"Order_item_sites","description":null,"user_id":3,"deleted_at":null,"created_at":"2021-10-08 03:37:59","updated_at":"2021-10-08 03:37:59","preset":0},{"id":16,"name":"cart_item_sites","title":"Cart_item_sites","description":null,"user_id":3,"deleted_at":null,"created_at":"2021-10-08 03:39:35","updated_at":"2021-10-08 03:39:35","preset":0},{"id":17,"name":"test_types","title":"Test_types","description":null,"user_id":3,"deleted_at":null,"created_at":"2021-11-02 20:43:18","updated_at":"2021-11-02 20:43:18","preset":0},{"id":18,"name":"tests","title":"Tests","description":null,"user_id":3,"deleted_at":null,"created_at":"2021-11-02 20:43:24","updated_at":"2021-11-02 20:43:24","preset":0}]