[{"id":6,"name":"created_at","title":"created_at","description":null,"type":"timestamp","size":null,"null":null,"default":null,"primary":null,"unique":null,"table_id":5,"user_id":3,"altrp_migration_id":2,"is_label":0,"is_title":0,"is_auth":0,"attribute":null,"input_type":null,"options":null,"indexed":0,"editable":0,"hidden":0,"model_id":5,"preset":0,"calculation_logic":null,"calculation":null,"table_name":"items","model_name":"item"},{"id":7,"name":"updated_at","title":"updated_at","description":null,"type":"timestamp","size":null,"null":null,"default":null,"primary":null,"unique":null,"table_id":5,"user_id":3,"altrp_migration_id":2,"is_label":0,"is_title":0,"is_auth":0,"attribute":null,"input_type":null,"options":null,"indexed":0,"editable":0,"hidden":0,"model_id":5,"preset":0,"calculation_logic":null,"calculation":null,"table_name":"items","model_name":"item"},{"id":8,"name":"name","title":"name","description":null,"type":"text","size":255,"null":0,"default":null,"primary":null,"unique":null,"table_id":5,"user_id":3,"altrp_migration_id":3,"is_label":0,"is_title":0,"is_auth":0,"attribute":null,"input_type":"text","options":null,"indexed":0,"editable":1,"hidden":0,"model_id":5,"preset":0,"calculation_logic":null,"calculation":null,"table_name":"items","model_name":"item"},{"id":9,"name":"description","title":"description","description":null,"type":"longText","size":null,"null":0,"default":null,"primary":null,"unique":null,"table_id":5,"user_id":3,"altrp_migration_id":4,"is_label":0,"is_title":0,"is_auth":0,"attribute":null,"input_type":"textarea","options":null,"indexed":0,"editable":1,"hidden":0,"model_id":5,"preset":0,"calculation_logic":null,"calculation":null,"table_name":"items","model_name":"item"},{"id":10,"name":"preview_id","title":"preview id","description":null,"type":"bigInteger","size":null,"null":1,"default":null,"primary":null,"unique":null,"table_id":5,"user_id":3,"altrp_migration_id":5,"is_label":0,"is_title":0,"is_auth":0,"attribute":"unsigned","input_type":"number","options":null,"indexed":0,"editable":1,"hidden":0,"model_id":5,"preset":0,"calculation_logic":null,"calculation":null,"table_name":"items","model_name":"item"},{"id":11,"name":"template_id","title":"archive id","description":null,"type":"bigInteger","size":null,"null":1,"default":null,"primary":null,"unique":null,"table_id":5,"user_id":3,"altrp_migration_id":81,"is_label":0,"is_title":0,"is_auth":0,"attribute":"unsigned","input_type":"number","options":null,"indexed":0,"editable":1,"hidden":0,"model_id":5,"preset":0,"calculation_logic":null,"calculation":null,"table_name":"items","model_name":"item"},{"id":28,"name":"user_id","title":"user id","description":"\u0421\u0441\u044b\u043b\u043a\u0430 \u043d\u0430 \u043f\u043e\u043b\u044c\u0437\u043e\u0432\u0430\u0442\u0435\u043b\u044f, \u043a\u043e\u0442\u043e\u0440\u044b\u0439 \u043e\u0444\u0440\u043e\u043c\u0438\u043b \u0437\u0430\u043a\u0430\u0437","type":"bigInteger","size":null,"null":1,"default":null,"primary":null,"unique":null,"table_id":8,"user_id":3,"altrp_migration_id":62,"is_label":0,"is_title":0,"is_auth":0,"attribute":"unsigned","input_type":"text","options":null,"indexed":0,"editable":1,"hidden":0,"model_id":8,"preset":0,"calculation_logic":null,"calculation":null,"table_name":"orders","model_name":"order"},{"id":29,"name":"payment_date","title":"payment date","description":"\u0414\u0430\u0442\u0430 \u043e\u043f\u043b\u0430\u0442\u044b","type":"date","size":null,"null":1,"default":null,"primary":null,"unique":null,"table_id":8,"user_id":3,"altrp_migration_id":33,"is_label":0,"is_title":0,"is_auth":0,"attribute":null,"input_type":"text","options":null,"indexed":0,"editable":1,"hidden":0,"model_id":8,"preset":0,"calculation_logic":null,"calculation":null,"table_name":"orders","model_name":"order"},{"id":30,"name":"status","title":"status","description":"\u0421\u0442\u0430\u0442\u0443\u0441 \u0437\u0430\u043a\u0430\u0437\u0430","type":"string","size":50,"null":0,"default":null,"primary":null,"unique":null,"table_id":8,"user_id":3,"altrp_migration_id":34,"is_label":0,"is_title":0,"is_auth":0,"attribute":null,"input_type":"text","options":null,"indexed":0,"editable":1,"hidden":0,"model_id":8,"preset":0,"calculation_logic":null,"calculation":null,"table_name":"orders","model_name":"order"},{"id":33,"name":"order_id","title":"order id","description":"\u0421\u0441\u044b\u043b\u043a\u0430 \u043d\u0430 \u0437\u0430\u043a\u0430\u0437","type":"bigInteger","size":null,"null":1,"default":null,"primary":null,"unique":null,"table_id":10,"user_id":3,"altrp_migration_id":36,"is_label":0,"is_title":0,"is_auth":0,"attribute":"unsigned","input_type":"text","options":null,"indexed":0,"editable":1,"hidden":0,"model_id":10,"preset":0,"calculation_logic":null,"calculation":null,"table_name":"order_item_models","model_name":"order_item_model"},{"id":34,"name":"item_type","title":"item type","description":"\u0422\u0438\u043f \u043f\u0440\u043e\u0434\u0443\u043a\u0442\u0430. \u041f\u0440\u043e\u0434\u0443\u043a\u0442 \u043c\u043e\u0436\u0435\u0442 \u0431\u044b\u0442\u044c \u0448\u0430\u0431\u043b\u043e\u043d\u043e\u043c, \u043f\u043b\u0430\u0433\u0438\u043d\u043e\u043c, \u043f\u043e\u0434\u043f\u0438\u0441\u043a\u043e\u0439 \u0438 \u043f\u0440.","type":"string","size":50,"null":0,"default":null,"primary":null,"unique":null,"table_id":10,"user_id":3,"altrp_migration_id":37,"is_label":0,"is_title":0,"is_auth":0,"attribute":null,"input_type":"text","options":null,"indexed":0,"editable":1,"hidden":0,"model_id":10,"preset":0,"calculation_logic":null,"calculation":null,"table_name":"order_item_models","model_name":"order_item_model"},{"id":35,"name":"item_id","title":"item id","description":"\u0422\u0438\u043f \u043f\u0440\u043e\u0434\u0443\u043a\u0442\u0430. \u041f\u0440\u043e\u0434\u0443\u043a\u0442 \u043c\u043e\u0436\u0435\u0442 \u0431\u044b\u0442\u044c \u0448\u0430\u0431\u043b\u043e\u043d\u043e\u043c, \u043f\u043b\u0430\u0433\u0438\u043d\u043e\u043c, \u043f\u043e\u0434\u043f\u0438\u0441\u043a\u043e\u0439 \u0438 \u043f\u0440.","type":"bigInteger","size":null,"null":1,"default":null,"primary":null,"unique":null,"table_id":10,"user_id":3,"altrp_migration_id":39,"is_label":0,"is_title":0,"is_auth":0,"attribute":"unsigned","input_type":"text","options":null,"indexed":0,"editable":1,"hidden":0,"model_id":10,"preset":0,"calculation_logic":null,"calculation":null,"table_name":"order_item_models","model_name":"order_item_model"},{"id":36,"name":"next_pay_date","title":"next pay date","description":"\u0414\u0430\u0442\u0430 \u0441\u043b\u0435\u0434\u0443\u044e\u0449\u0435\u0439 \u043e\u043f\u043b\u0430\u0442\u044b","type":"date","size":null,"null":1,"default":null,"primary":null,"unique":null,"table_id":10,"user_id":3,"altrp_migration_id":43,"is_label":0,"is_title":0,"is_auth":0,"attribute":null,"input_type":"text","options":null,"indexed":0,"editable":1,"hidden":0,"model_id":10,"preset":0,"calculation_logic":null,"calculation":null,"table_name":"order_item_models","model_name":"order_item_model"},{"id":37,"name":"payment_date","title":"payment date","description":"\u0414\u0430\u0442\u0430 \u043e\u043f\u043b\u0430\u0442\u044b","type":"date","size":null,"null":1,"default":null,"primary":null,"unique":null,"table_id":10,"user_id":3,"altrp_migration_id":42,"is_label":0,"is_title":0,"is_auth":0,"attribute":null,"input_type":"text","options":null,"indexed":0,"editable":1,"hidden":0,"model_id":10,"preset":0,"calculation_logic":null,"calculation":null,"table_name":"order_item_models","model_name":"order_item_model"},{"id":39,"name":"name","title":"name","description":"\u041d\u0430\u0437\u0432\u0430\u043d\u0438\u0435","type":"string","size":255,"null":0,"default":null,"primary":null,"unique":null,"table_id":11,"user_id":3,"altrp_migration_id":45,"is_label":0,"is_title":0,"is_auth":0,"attribute":null,"input_type":"text","options":null,"indexed":0,"editable":1,"hidden":0,"model_id":11,"preset":0,"calculation_logic":null,"calculation":null,"table_name":"subscriptions","model_name":"subscription"},{"id":40,"name":"description","title":"description","description":"\u041a\u043e\u0442\u043e\u0440\u043e\u043a\u043e\u0435 \u043e\u043f\u0438\u0441\u0430\u043d\u0438\u0435","type":"text","size":null,"null":0,"default":null,"primary":null,"unique":null,"table_id":11,"user_id":3,"altrp_migration_id":46,"is_label":0,"is_title":0,"is_auth":0,"attribute":null,"input_type":"textarea","options":null,"indexed":0,"editable":1,"hidden":0,"model_id":11,"preset":0,"calculation_logic":null,"calculation":null,"table_name":"subscriptions","model_name":"subscription"},{"id":41,"name":"content","title":"content","description":"\u041a\u043e\u043d\u0442\u0435\u043d\u0442","type":"longText","size":null,"null":0,"default":null,"primary":null,"unique":null,"table_id":11,"user_id":3,"altrp_migration_id":47,"is_label":0,"is_title":0,"is_auth":0,"attribute":null,"input_type":"text","options":null,"indexed":0,"editable":1,"hidden":0,"model_id":11,"preset":0,"calculation_logic":null,"calculation":null,"table_name":"subscriptions","model_name":"subscription"},{"id":42,"name":"period","title":"period","description":"\u041f\u0435\u0440\u0438\u043e\u0434 \u0434\u0435\u0439\u0441\u0442\u0432\u0438\u044f \u043f\u043e\u0434\u043f\u0438\u0441\u043a\u0438 \u043d\u0430 \u0430\u043d\u043b\u0438\u0439\u0441\u043a\u043e\u043c \u044f\u0437\u044b\u043a\u0435 (1 month, 6 months, 1 year \u0438 \u043f\u0440.)","type":"string","size":100,"null":0,"default":null,"primary":null,"unique":null,"table_id":11,"user_id":3,"altrp_migration_id":49,"is_label":0,"is_title":0,"is_auth":0,"attribute":null,"input_type":"text","options":null,"indexed":0,"editable":1,"hidden":0,"model_id":11,"preset":0,"calculation_logic":null,"calculation":null,"table_name":"subscriptions","model_name":"subscription"},{"id":44,"name":"order_id","title":"order id","description":"\u0421\u0441\u044b\u043b\u043a\u0430 \u043d\u0430 \u0437\u0430\u043a\u0430\u0437, \u043a\u043e\u0442\u043e\u0440\u044b\u0439 \u0431\u044b\u043b \u043e\u043f\u043b\u0430\u0447\u0435\u043d","type":"bigInteger","size":null,"null":1,"default":null,"primary":null,"unique":null,"table_id":12,"user_id":3,"altrp_migration_id":51,"is_label":0,"is_title":0,"is_auth":0,"attribute":"unsigned","input_type":"text","options":null,"indexed":0,"editable":1,"hidden":0,"model_id":12,"preset":0,"calculation_logic":null,"calculation":null,"table_name":"payments","model_name":"payment"},{"id":46,"name":"user_id","title":"user id","description":null,"type":"bigInteger","size":null,"null":1,"default":null,"primary":null,"unique":null,"table_id":13,"user_id":3,"altrp_migration_id":69,"is_label":0,"is_title":0,"is_auth":0,"attribute":"unsigned","input_type":"number","options":null,"indexed":0,"editable":1,"hidden":0,"model_id":13,"preset":0,"calculation_logic":null,"calculation":null,"table_name":"user_carts","model_name":"user_cart"},{"id":48,"name":"cart_id","title":"cart id","description":"\u0421\u0441\u044b\u043b\u043a\u0430 \u043d\u0430 \u043a\u043e\u0440\u0437\u0438\u043d\u0443","type":"bigInteger","size":null,"null":1,"default":null,"primary":null,"unique":null,"table_id":14,"user_id":3,"altrp_migration_id":57,"is_label":0,"is_title":0,"is_auth":0,"attribute":"unsigned","input_type":"text","options":null,"indexed":0,"editable":1,"hidden":0,"model_id":14,"preset":0,"calculation_logic":null,"calculation":null,"table_name":"cart_items","model_name":"cart_item"},{"id":49,"name":"item_type","title":"item type","description":"\u0422\u0438\u043f \u043f\u0440\u043e\u0434\u0443\u043a\u0442\u0430. \u041f\u0440\u043e\u0434\u0443\u043a\u0442 \u043c\u043e\u0436\u0435\u0442 \u0431\u044b\u0442\u044c \u0448\u0430\u0431\u043b\u043e\u043d\u043e\u043c, \u043f\u043b\u0430\u0433\u0438\u043d\u043e\u043c, \u043f\u043e\u0434\u043f\u0438\u0441\u043a\u043e\u0439 \u0438 \u043f\u0440.","type":"string","size":50,"null":0,"default":null,"primary":null,"unique":null,"table_id":14,"user_id":3,"altrp_migration_id":58,"is_label":0,"is_title":0,"is_auth":0,"attribute":null,"input_type":"text","options":null,"indexed":0,"editable":1,"hidden":0,"model_id":14,"preset":0,"calculation_logic":null,"calculation":null,"table_name":"cart_items","model_name":"cart_item"},{"id":50,"name":"item_id","title":"item id","description":"\u0421\u0441\u044b\u043b\u043a\u0430 \u043d\u0430 \u0442\u043e\u0432\u0430\u0440 (\u043c\u043e\u0436\u0435\u0442 \u0431\u044b\u0442\u044c \u0441\u0441\u044b\u043b\u043a\u043e\u0439 \u043d\u0430 \u0448\u0430\u0431\u043b\u043e\u043d, \u043f\u043b\u0430\u0433\u0438\u043d, \u043f\u043e\u0434\u043f\u0438\u0441\u043a\u0443 \u0438 \u043f\u0440.)","type":"bigInteger","size":null,"null":1,"default":null,"primary":null,"unique":null,"table_id":14,"user_id":3,"altrp_migration_id":59,"is_label":0,"is_title":0,"is_auth":0,"attribute":"unsigned","input_type":"number","options":null,"indexed":0,"editable":1,"hidden":0,"model_id":14,"preset":0,"calculation_logic":null,"calculation":null,"table_name":"cart_items","model_name":"cart_item"},{"id":51,"name":"added_date","title":"added date","description":"\u0434\u0430\u0442\u0430 \u0434\u043e\u0431\u0430\u0432\u043b\u0435\u043d\u0438\u044f \u0432 \u043a\u043e\u0440\u0437\u0438\u043d\u0443","type":"date","size":null,"null":0,"default":null,"primary":null,"unique":null,"table_id":14,"user_id":3,"altrp_migration_id":61,"is_label":0,"is_title":0,"is_auth":0,"attribute":null,"input_type":"text","options":null,"indexed":0,"editable":1,"hidden":0,"model_id":14,"preset":0,"calculation_logic":null,"calculation":null,"table_name":"cart_items","model_name":"cart_item"},{"id":53,"name":"order_item_id","title":"order item id","description":"\u0421\u0441\u044b\u043b\u043a\u0430 \u043d\u0430 \u043f\u043e\u0437\u0438\u0446\u0438\u044e \u0437\u0430\u043a\u0430\u0437\u0430, \u0434\u043b\u044f \u0441\u0430\u0439\u0442\u0430","type":"bigInteger","size":null,"null":1,"default":null,"primary":null,"unique":null,"table_id":15,"user_id":3,"altrp_migration_id":64,"is_label":0,"is_title":0,"is_auth":0,"attribute":"unsigned","input_type":"text","options":null,"indexed":0,"editable":1,"hidden":0,"model_id":15,"preset":0,"calculation_logic":null,"calculation":null,"table_name":"order_item_sites","model_name":"order_item_site"},{"id":54,"name":"site_domain","title":"site domain","description":"\u0414\u043e\u043c\u0435\u043d \u0441\u0430\u0439\u0442\u0430, \u0434\u043b\u044f \u043a\u043e\u0442\u043e\u0440\u043e\u0433\u043e \u043f\u0440\u0438\u043e\u0431\u0440\u0435\u043b\u0438 \u0442\u043e\u0432\u0430\u0440","type":"string","size":255,"null":0,"default":null,"primary":null,"unique":null,"table_id":15,"user_id":3,"altrp_migration_id":65,"is_label":0,"is_title":0,"is_auth":0,"attribute":null,"input_type":"text","options":null,"indexed":0,"editable":1,"hidden":0,"model_id":15,"preset":0,"calculation_logic":null,"calculation":null,"table_name":"order_item_sites","model_name":"order_item_site"},{"id":56,"name":"cart_item_id","title":"cart item id","description":null,"type":"bigInteger","size":null,"null":1,"default":null,"primary":null,"unique":null,"table_id":16,"user_id":3,"altrp_migration_id":74,"is_label":0,"is_title":0,"is_auth":0,"attribute":"unsigned","input_type":"number","options":null,"indexed":0,"editable":1,"hidden":0,"model_id":16,"preset":0,"calculation_logic":null,"calculation":null,"table_name":"cart_item_sites","model_name":"cart_item_site"},{"id":57,"name":"site_domain","title":"site domain","description":"\u0414\u043e\u043c\u0435\u043d \u0441\u0430\u0439\u0442\u0430, \u0434\u043b\u044f \u043a\u043e\u0442\u043e\u0440\u043e\u0433\u043e \u043f\u0440\u0438\u043e\u0431\u0440\u0435\u043b\u0438 \u0442\u043e\u0432\u0430\u0440","type":"string","size":255,"null":0,"default":null,"primary":null,"unique":null,"table_id":16,"user_id":3,"altrp_migration_id":68,"is_label":0,"is_title":0,"is_auth":0,"attribute":null,"input_type":"text","options":null,"indexed":0,"editable":1,"hidden":0,"model_id":16,"preset":0,"calculation_logic":null,"calculation":null,"table_name":"cart_item_sites","model_name":"cart_item_site"},{"id":58,"name":"item_type","title":"item type","description":"","type":"string","size":50,"null":0,"default":"set","primary":null,"unique":null,"table_id":5,"user_id":3,"altrp_migration_id":90,"is_label":0,"is_title":0,"is_auth":0,"attribute":"","input_type":"text","options":null,"indexed":0,"editable":1,"hidden":0,"model_id":5,"preset":0,"calculation_logic":null,"calculation":null,"table_name":"items","model_name":"item"},{"id":59,"name":"parent_id","title":"parent id","description":"","type":"bigInteger","size":null,"null":1,"default":"","primary":null,"unique":null,"table_id":10,"user_id":3,"altrp_migration_id":83,"is_label":0,"is_title":0,"is_auth":0,"attribute":"unsigned","input_type":"number","options":null,"indexed":0,"editable":1,"hidden":0,"model_id":10,"preset":0,"calculation_logic":null,"calculation":null,"table_name":"order_item_models","model_name":"order_item_model"},{"id":62,"name":"type_id","title":"type_id","description":null,"type":"bigInteger","size":null,"null":1,"default":null,"primary":null,"unique":null,"table_id":18,"user_id":3,"altrp_migration_id":98,"is_label":0,"is_title":0,"is_auth":0,"attribute":"unsigned","input_type":"text","options":null,"indexed":0,"editable":1,"hidden":0,"model_id":18,"preset":0,"calculation_logic":null,"calculation":null,"table_name":"tests","model_name":"test"}]