[{"id":1,"name":"media_preview_image","type":"hasMany","model_class":"App\\AltrpModels\\item","foreign_key":"preview_id","local_key":"id","title":"media preview image","description":"preview img relation","model_id":2,"target_model_id":5,"altrp_migration_id":7,"add_belong_to":0,"onDelete":"set null","onUpdate":"set null","always_with":0,"editable":1,"model_name":"media","target_model_name":"item"},{"id":3,"name":"media_template_archive","type":"hasMany","model_class":"App\\AltrpModels\\item","foreign_key":"template_id","local_key":"id","title":"media template archive","description":"template archive","model_id":2,"target_model_id":5,"altrp_migration_id":8,"add_belong_to":0,"onDelete":"set null","onUpdate":"set null","always_with":0,"editable":1,"model_name":"media","target_model_name":"item"},{"id":8,"name":"item_site","type":"hasMany","model_class":"\\App\\AltrpModels\\cart_item_site","foreign_key":"cart_item_id","local_key":"id","title":"item site","description":null,"model_id":14,"target_model_id":16,"altrp_migration_id":77,"add_belong_to":1,"onDelete":"cascade","onUpdate":"set null","always_with":1,"editable":1,"model_name":"cart_item","target_model_name":"cart_item_site"},{"id":9,"name":"cart_item","type":"belongsTo","model_class":"\\App\\AltrpModels\\cart_item","foreign_key":"id","local_key":"cart_item_id","title":"cart_item","description":"","model_id":16,"target_model_id":14,"altrp_migration_id":null,"add_belong_to":0,"onDelete":"restrict","onUpdate":"restrict","always_with":0,"editable":0,"model_name":"cart_item_site","target_model_name":"cart_item"},{"id":11,"name":"item_site","type":"hasMany","model_class":"\\App\\AltrpModels\\order_item_site","foreign_key":"order_item_id","local_key":"id","title":"item site","description":"","model_id":10,"target_model_id":15,"altrp_migration_id":86,"add_belong_to":1,"onDelete":"cascade","onUpdate":"set null","always_with":1,"editable":1,"model_name":"order_item_model","target_model_name":"order_item_site"},{"id":12,"name":"order_item_model","type":"belongsTo","model_class":"\\App\\AltrpModels\\order_item_model","foreign_key":"id","local_key":"order_item_id","title":"order_item_model","description":"","model_id":15,"target_model_id":10,"altrp_migration_id":null,"add_belong_to":0,"onDelete":"restrict","onUpdate":"restrict","always_with":0,"editable":0,"model_name":"order_item_site","target_model_name":"order_item_model"},{"id":13,"name":"item","type":"hasMany","model_class":"\\App\\AltrpModels\\order_item_model","foreign_key":"item_id","local_key":"id","title":"item","description":"","model_id":5,"target_model_id":10,"altrp_migration_id":87,"add_belong_to":1,"onDelete":"cascade","onUpdate":"set null","always_with":1,"editable":1,"model_name":"item","target_model_name":"order_item_model"},{"id":14,"name":"item","type":"belongsTo","model_class":"\\App\\AltrpModels\\item","foreign_key":"id","local_key":"item_id","title":"item","description":"","model_id":10,"target_model_id":5,"altrp_migration_id":null,"add_belong_to":0,"onDelete":"restrict","onUpdate":"restrict","always_with":0,"editable":0,"model_name":"order_item_model","target_model_name":"item"},{"id":15,"name":"order","type":"hasMany","model_class":"\\App\\AltrpModels\\order_item_model","foreign_key":"order_id","local_key":"id","title":"order","description":"","model_id":8,"target_model_id":10,"altrp_migration_id":88,"add_belong_to":1,"onDelete":"cascade","onUpdate":"set null","always_with":0,"editable":1,"model_name":"order","target_model_name":"order_item_model"},{"id":16,"name":"order","type":"belongsTo","model_class":"\\App\\AltrpModels\\order","foreign_key":"id","local_key":"order_id","title":"order","description":"","model_id":10,"target_model_id":8,"altrp_migration_id":null,"add_belong_to":0,"onDelete":"restrict","onUpdate":"restrict","always_with":0,"editable":0,"model_name":"order_item_model","target_model_name":"order"},{"id":17,"name":"test_rel","type":"hasMany","model_class":"\\App\\AltrpModels\\test","foreign_key":"type_id","local_key":"id","title":"test_rel","description":null,"model_id":17,"target_model_id":18,"altrp_migration_id":99,"add_belong_to":1,"onDelete":"set null","onUpdate":"set null","always_with":1,"editable":1,"model_name":"test_type","target_model_name":"test"},{"id":18,"name":"test_type","type":"belongsTo","model_class":"\\App\\AltrpModels\\test_type","foreign_key":"id","local_key":"type_id","title":"test_type","description":"","model_id":18,"target_model_id":17,"altrp_migration_id":null,"add_belong_to":0,"onDelete":"restrict","onUpdate":"restrict","always_with":0,"editable":0,"model_name":"test","target_model_name":"test_type"}]