[{"id":1,"created_at":"2021-10-06 08:13:26","updated_at":"2021-10-06 08:13:26","template_id":2,"setting_name":"conditions","data":"\"[{\\\"object_type\\\":\\\"page\\\",\\\"object_ids\\\":[7],\\\"id\\\":625,\\\"condition_type\\\":\\\"include\\\"}]\"","template_guid":"5153ff0a-a77b-497f-bd0f-e095079e7d8e"},{"id":2,"created_at":"2021-10-06 08:13:26","updated_at":"2021-10-06 08:13:26","template_id":3,"setting_name":"conditions","data":"\"[{\\\"object_type\\\":\\\"page\\\",\\\"object_ids\\\":[6],\\\"id\\\":52,\\\"condition_type\\\":\\\"include\\\"}]\"","template_guid":"7a31122e-b660-4e99-afda-9d5aba6ccec2"},{"id":3,"created_at":"2021-10-06 08:13:26","updated_at":"2021-10-06 08:13:26","template_id":4,"setting_name":"conditions","data":"\"[{\\\"object_type\\\":\\\"page\\\",\\\"object_ids\\\":[3],\\\"id\\\":888,\\\"condition_type\\\":\\\"include\\\"}]\"","template_guid":"f330bd83-c839-470c-bea8-d061650604f7"},{"id":4,"created_at":"2021-10-06 08:13:26","updated_at":"2021-10-06 08:13:26","template_id":5,"setting_name":"conditions","data":"\"[]\"","template_guid":"1514bb06-5da0-400d-ba03-848b4cf47680"},{"id":5,"created_at":"2021-10-06 08:13:26","updated_at":"2021-10-21 22:33:59","template_id":7,"setting_name":"conditions","data":"[{\"object_type\":\"all_site\",\"object_ids\":[],\"id\":350,\"condition_type\":\"include\"},{\"object_type\":\"page\",\"object_ids\":[6,10,21,25],\"id\":701,\"condition_type\":\"exclude\"}]","template_guid":"446fbb04-921b-4712-96a4-a2c4228ba957"},{"id":6,"created_at":"2021-10-06 08:13:26","updated_at":"2021-10-06 08:13:26","template_id":8,"setting_name":"conditions","data":"\"[{\\\"object_type\\\":\\\"page\\\",\\\"object_ids\\\":[10],\\\"id\\\":271,\\\"condition_type\\\":\\\"include\\\"}]\"","template_guid":"27b3dfca-9dfc-44e0-88e3-2096fa87cef8"},{"id":7,"created_at":"2021-10-06 08:13:26","updated_at":"2021-10-17 12:30:55","template_id":6,"setting_name":"conditions","data":"[{\"object_type\":\"page\",\"object_ids\":[6],\"id\":844,\"condition_type\":\"include\"}]","template_guid":"5d98ce95-550e-4b35-a370-b5ea48509563"},{"id":8,"created_at":"2021-10-06 08:13:26","updated_at":"2021-10-06 08:13:26","template_id":10,"setting_name":"conditions","data":"\"[{\\\"object_type\\\":\\\"page\\\",\\\"object_ids\\\":[11],\\\"id\\\":688,\\\"condition_type\\\":\\\"include\\\"}]\"","template_guid":"7677373e-b106-4064-9c79-3b29fb642971"},{"id":9,"created_at":"2021-10-06 08:13:26","updated_at":"2021-10-06 08:13:26","template_id":11,"setting_name":"conditions","data":"\"[{\\\"object_type\\\":\\\"page\\\",\\\"object_ids\\\":[12],\\\"id\\\":993,\\\"condition_type\\\":\\\"include\\\"}]\"","template_guid":"20ad4bd3-1df5-42f2-9d35-f46209ea8ad7"},{"id":10,"created_at":"2021-10-06 08:13:26","updated_at":"2021-10-18 07:50:52","template_id":12,"setting_name":"conditions","data":"[{\"object_type\":\"page\",\"object_ids\":[11],\"id\":34,\"condition_type\":\"include\"}]","template_guid":"c5b37a40-eb7c-46fe-a843-5415240425b7"},{"id":11,"created_at":"2021-10-06 08:13:26","updated_at":"2021-10-17 13:03:11","template_id":14,"setting_name":"conditions","data":"[{\"object_type\":\"page\",\"object_ids\":[12],\"id\":35,\"condition_type\":\"include\"}]","template_guid":"17b68863-e775-4b24-9d12-418f31443938"},{"id":12,"created_at":"2021-10-06 17:56:04","updated_at":"2021-10-06 17:56:04","template_id":20,"setting_name":"conditions","data":"[{\"object_type\":\"page\",\"object_ids\":[13],\"id\":942,\"condition_type\":\"include\"}]","template_guid":"dd8594f8-c578-4be3-a200-b00d207dd463"},{"id":13,"created_at":"2021-10-06 18:19:44","updated_at":"2021-10-06 18:19:44","template_id":38,"setting_name":"conditions","data":"[{\"object_type\":\"page\",\"object_ids\":[14],\"id\":303,\"condition_type\":\"include\"}]","template_guid":"532c04ff-7478-4a9e-9729-58f8ad5c4ed8"},{"id":14,"created_at":"2021-10-07 01:17:14","updated_at":"2021-10-07 01:17:14","template_id":45,"setting_name":"conditions","data":"[{\"object_type\":\"page\",\"object_ids\":[15],\"id\":111,\"condition_type\":\"include\"}]","template_guid":"c7a59a75-86f7-4c9a-9667-516dbf4e1cd4"},{"id":15,"created_at":"2021-10-07 01:26:33","updated_at":"2021-10-07 01:26:33","template_id":55,"setting_name":"conditions","data":"[{\"object_type\":\"page\",\"object_ids\":[16],\"id\":330,\"condition_type\":\"include\"}]","template_guid":"27b570f4-dcd0-47fd-8fee-bce3b2d08021"},{"id":16,"created_at":"2021-10-12 01:10:06","updated_at":"2021-10-18 07:18:08","template_id":118,"setting_name":"conditions","data":"[{\"object_type\":\"page\",\"object_ids\":[17],\"id\":390,\"condition_type\":\"include\"}]","template_guid":"23d529df-d2e2-4c78-b0f0-0d8155eb2154"},{"id":17,"created_at":"2021-10-13 13:14:21","updated_at":"2021-10-13 13:14:21","template_id":172,"setting_name":"conditions","data":"[{\"object_type\":\"page\",\"object_ids\":[20],\"id\":111,\"condition_type\":\"include\"}]","template_guid":"5f5d922d-c765-42f7-aad4-7db7effeb57e"},{"id":18,"created_at":"2021-10-15 14:27:01","updated_at":"2021-10-15 14:27:01","template_id":226,"setting_name":"conditions","data":"[{\"object_type\":\"page\",\"object_ids\":[21],\"id\":668,\"condition_type\":\"include\"}]","template_guid":"ba5e4714-0f2b-4209-8b0c-99a2d0e7c4de"},{"id":19,"created_at":"2021-10-19 21:50:45","updated_at":"2021-10-19 21:50:45","template_id":262,"setting_name":"conditions","data":"[{\"object_type\":\"page\",\"object_ids\":[22],\"id\":430,\"condition_type\":\"include\"}]","template_guid":"d1e314c3-c7f6-45dc-98ca-93d1d0d1ed8b"},{"id":20,"created_at":"2021-10-19 22:01:22","updated_at":"2021-10-19 22:13:55","template_id":265,"setting_name":"conditions","data":"[{\"object_type\":\"page\",\"object_ids\":[23],\"id\":716,\"condition_type\":\"include\"}]","template_guid":"af7d51a0-fcf1-4dcd-ad66-dedd5207f32d"},{"id":21,"created_at":"2021-10-19 22:01:39","updated_at":"2021-10-19 22:12:42","template_id":266,"setting_name":"conditions","data":"[{\"object_type\":\"page\",\"object_ids\":[24],\"id\":150,\"condition_type\":\"include\"}]","template_guid":"44ea3565-b4c2-4d2a-8959-99fd65f0cebd"},{"id":22,"created_at":"2021-10-21 22:22:29","updated_at":"2021-10-21 22:22:29","template_id":307,"setting_name":"conditions","data":"[{\"object_type\":\"page\",\"object_ids\":[25],\"id\":902,\"condition_type\":\"include\"}]","template_guid":"ae92597f-3acc-4d74-9543-cd50d6013f25"}]