{"area":"content","data":{"id":"_fcoi31lya","name":"root-element","settings":{"page_load_change_end_delay":500},"type":"root-element","cssClassStorage":[],"children":[{"id":"_2r1qgym2z","name":"section","settings":{"layout_content_width_type":"boxed","layout_content_width":{"unit":"px"},"layout_columns_gap":"none","layout_height":"default","label_style_min_height":{"unit":"px"},"layout_html_tag":"div","link_link":{"url":null,"attributes":null,"noFollow":false},"section_style_background_color":{"color":null,"colorPickedHex":null},"gradient":{"isWithGradient":false,"firstColor":"rgba(97,206,112,1)","firstPoint":"100","secondColor":"rgba(242,41,91,1)","secondPoint":"0","angle":"0","value":null},"background_image":{"url":null},"background_image_width":{"unit":"px"},"section_style_border_color":{"color":null,"colorPickedHex":null},"section_style_border_radius":{"unit":"px"},"position_style_position_margin":{"unit":"px"},"conditional_other_display":"AND","disabled_conditional_other_display":"AND","active_conditional_other_display":"AND","wrapper_click_change_end_delay":500},"type":"section","cssClassStorage":[],"children":[{"id":"_xg8tdmkug","name":"column","settings":{"layout_html_tag":"div","link_link":{"url":null,"attributes":null,"noFollow":false},"column_style_background_color":{"color":null,"colorPickedHex":null},"gradient":{"isWithGradient":false,"firstColor":"rgba(97,206,112,1)","firstPoint":"100","secondColor":"rgba(242,41,91,1)","secondPoint":"0","angle":"0","value":null},"background_image":{"url":null},"background_image_width":{"unit":"px"},"style_position_padding":{"unit":"px"},"style_position_margin":{"unit":"px"},"column_style_border_width":{"bind":true},"column_style_border_color":{"color":null,"colorPickedHex":null},"column_style_border_radius":{"unit":"px"},"positioning_custom_width":{"unit":"%"},"conditional_other_display":"AND","disabled_conditional_other_display":"AND","active_conditional_other_display":"AND","wrapper_click_change_end_delay":500},"type":"column","cssClassStorage":[],"children":[{"id":"_c2neh2vv5","name":"heading","settings":{"text":"{{id}}","text_sub":"I Am Sub Heading","sub_heading_settings_alignment":"left","heading_settings_html_tag":"h2","sub_heading_settings_html_tag":"h5","sub_heading_settings_position":"bottom","link_link":{"url":null,"attributes":null,"tag":"Link","noFollow":false},"text_advanced_heading_content":"Advanced heading","heading_style_color":{"color":null,"colorPickedHex":"#000"},"heading_style_text_shadow":{"blur":0,"horizontal":0,"vertical":0,"opacity":1,"colorRGB":"rgb(0, 0, 0)","color":"rgb(0, 0, 0)","colorPickedHex":"#000000"},"style_position_padding":{"unit":"px"},"style_background_color":{"color":null,"colorPickedHex":null},"gradient":{"isWithGradient":false,"firstColor":"rgba(97,206,112,1)","firstPoint":"0","secondColor":"rgba(242,41,91,1)","secondPoint":"100","angle":"0","value":null},"background_image":{"url":null},"background_position":"top left","background_attachment":"scroll","background_repeat":"repeat","background_image_width":{"size":100,"unit":"px"},"background_size":"unset","style_border_color":{"color":"rgb(50,168,82)","colorPickedHex":"#32a852"},"style_border_radius":{"size":0,"unit":"px"},"transform_style":{"size":0},"text_shadow_advanced_heading_style":{"blur":0,"horizontal":0,"vertical":0,"opacity":1,"spread":1,"colorRGB":"rgb(0, 0, 0)","color":"rgb(0, 0, 0)","colorPickedHex":"#000000","type":"outline"},"spacing_sub_heading":{"size":0,"unit":"px"},"width_sub_heading":{"unit":"%"},"padding_sub_heading":{"unit":"px","bind":true},"typographic_sub_heading":{"lineHeight":1,"spacing":0,"size":16,"weight":"normal","family":"roboto","decoration":null},"text_shadow_sub_heading":{"blur":0,"horizontal":0,"vertical":0,"opacity":1,"spread":0,"colorRGB":"rgb(0, 0, 0)","color":"rgb(0, 0, 0)","colorPickedHex":"#000000","type":null},"positioning_custom_width":{"unit":"%"},"conditional_other_display":"AND","disabled_conditional_other_display":"AND","active_conditional_other_display":"AND","wrapper_click_change_end_delay":500},"type":"widget","cssClassStorage":{"sub_heading_settings_alignment":"altrp-alignment_left"},"children":[]}]}]},{"id":"_yhilbifof","name":"section","settings":{"layout_content_width_type":"boxed","layout_content_width":{"unit":"px"},"layout_columns_gap":"none","layout_height":"default","label_style_min_height":{"unit":"px"},"layout_html_tag":"div","link_link":{"url":null,"attributes":null,"noFollow":false},"section_style_background_color":{"color":null,"colorPickedHex":null},"gradient":{"isWithGradient":false,"firstColor":"rgba(97,206,112,1)","firstPoint":"100","secondColor":"rgba(242,41,91,1)","secondPoint":"0","angle":"0","value":null},"background_image":{"url":null},"background_image_width":{"unit":"px"},"section_style_border_color":{"color":null,"colorPickedHex":null},"section_style_border_radius":{"unit":"px"},"position_style_position_margin":{"unit":"px"},"conditional_other_display":"AND","disabled_conditional_other_display":"AND","active_conditional_other_display":"AND","wrapper_click_change_end_delay":500},"type":"section","cssClassStorage":[],"children":[{"id":"_o36i36ep1","name":"column","settings":{"layout_html_tag":"div","link_link":{"url":null,"attributes":null,"noFollow":false},"column_style_background_color":{"color":null,"colorPickedHex":null},"gradient":{"isWithGradient":false,"firstColor":"rgba(97,206,112,1)","firstPoint":"100","secondColor":"rgba(242,41,91,1)","secondPoint":"0","angle":"0","value":null},"background_image":{"url":null},"background_image_width":{"unit":"px"},"style_position_padding":{"unit":"px"},"style_position_margin":{"unit":"px"},"column_style_border_width":{"bind":true},"column_style_border_color":{"color":null,"colorPickedHex":null},"column_style_border_radius":{"unit":"px"},"positioning_custom_width":{"unit":"%"},"conditional_other_display":"AND","disabled_conditional_other_display":"AND","active_conditional_other_display":"AND","wrapper_click_change_end_delay":500},"type":"column","cssClassStorage":[],"children":[{"id":"_u3yfyg77a","name":"heading","settings":{"text":"{{altrpdata.template.name}}","text_sub":"I Am Sub Heading","sub_heading_settings_alignment":"left","heading_settings_html_tag":"h2","sub_heading_settings_html_tag":"h5","sub_heading_settings_position":"bottom","link_link":{"url":null,"attributes":null,"tag":"Link","noFollow":false},"text_advanced_heading_content":"Advanced heading","heading_style_color":{"color":null,"colorPickedHex":"#000"},"heading_style_text_shadow":{"blur":0,"horizontal":0,"vertical":0,"opacity":1,"colorRGB":"rgb(0, 0, 0)","color":"rgb(0, 0, 0)","colorPickedHex":"#000000"},"style_position_padding":{"unit":"px"},"style_background_color":{"color":null,"colorPickedHex":null},"gradient":{"isWithGradient":false,"firstColor":"rgba(97,206,112,1)","firstPoint":"0","secondColor":"rgba(242,41,91,1)","secondPoint":"100","angle":"0","value":null},"background_image":{"url":null},"background_position":"top left","background_attachment":"scroll","background_repeat":"repeat","background_image_width":{"size":100,"unit":"px"},"background_size":"unset","style_border_color":{"color":"rgb(50,168,82)","colorPickedHex":"#32a852"},"style_border_radius":{"size":0,"unit":"px"},"transform_style":{"size":0},"text_shadow_advanced_heading_style":{"blur":0,"horizontal":0,"vertical":0,"opacity":1,"spread":1,"colorRGB":"rgb(0, 0, 0)","color":"rgb(0, 0, 0)","colorPickedHex":"#000000","type":"outline"},"spacing_sub_heading":{"size":0,"unit":"px"},"width_sub_heading":{"unit":"%"},"padding_sub_heading":{"unit":"px","bind":true},"typographic_sub_heading":{"lineHeight":1,"spacing":0,"size":16,"weight":"normal","family":"roboto","decoration":null},"text_shadow_sub_heading":{"blur":0,"horizontal":0,"vertical":0,"opacity":1,"spread":0,"colorRGB":"rgb(0, 0, 0)","color":"rgb(0, 0, 0)","colorPickedHex":"#000000","type":null},"positioning_custom_width":{"unit":"%"},"conditional_other_display":"AND","disabled_conditional_other_display":"AND","active_conditional_other_display":"AND","wrapper_click_change_end_delay":500,"text__Desktop":"{{altrpdata.template.name}}","react_element":true},"type":"widget","cssClassStorage":{"sub_heading_settings_alignment__Desktop":"altrp-alignment_","sub_heading_settings_alignment":"altrp-alignment_left"},"children":[]}]}]},{"id":"_sr88zioxw","name":"section","settings":{"layout_content_width_type":"boxed","layout_content_width":{"unit":"px"},"layout_columns_gap":"none","layout_height":"default","label_style_min_height":{"unit":"px"},"layout_html_tag":"div","link_link":{"url":null,"attributes":null,"noFollow":false},"section_style_background_color":{"color":null,"colorPickedHex":null},"gradient":{"isWithGradient":false,"firstColor":"rgba(97,206,112,1)","firstPoint":"100","secondColor":"rgba(242,41,91,1)","secondPoint":"0","angle":"0","value":null},"background_image":{"url":null},"background_image_width":{"unit":"px"},"section_style_border_color":{"color":null,"colorPickedHex":null},"section_style_border_radius":{"unit":"px"},"position_style_position_margin":{"unit":"px"},"conditional_other_display":"AND","disabled_conditional_other_display":"AND","active_conditional_other_display":"AND","wrapper_click_change_end_delay":500},"type":"section","cssClassStorage":{"layout_content_width_type":"altrp-section_boxed","layout_colwidth":"column-structure_"},"children":[{"id":"_mqnr9lq23","name":"column","settings":{"layout_html_tag":"div","link_link":{"url":null,"attributes":null,"noFollow":false},"column_style_background_color":{"color":null,"colorPickedHex":null},"gradient":{"isWithGradient":false,"firstColor":"rgba(97,206,112,1)","firstPoint":"100","secondColor":"rgba(242,41,91,1)","secondPoint":"0","angle":"0","value":null},"background_image":{"url":null},"background_image_width":{"unit":"px"},"style_position_padding":{"unit":"px"},"style_position_margin":{"unit":"px"},"column_style_border_width":{"bind":true},"column_style_border_color":{"color":null,"colorPickedHex":null},"column_style_border_radius":{"unit":"px"},"positioning_custom_width":{"unit":"%"},"conditional_other_display":"AND","disabled_conditional_other_display":"AND","active_conditional_other_display":"AND","wrapper_click_change_end_delay":500,"layout_column_direction":"row","layout_justify_content":"space-between"},"type":"column","cssClassStorage":[],"children":[{"id":"_ctralvzko","name":"image","settings":{"image_style_alignment":"flex-start","image_link":{"url":null,"attributes":null,"noFollow":false,"tag":"Link"},"aspect_ratio_size":"0","width_size":{"size":"600","unit":"px"},"position_margin":{"unit":"px"},"position_padding":{"unit":"px"},"image_style_text_shadow":{"blur":0,"brightness":100,"contrast":100,"saturate":100,"hue":0},"background_color":{"color":null,"colorPickedHex":null},"gradient":{"isWithGradient":false,"firstColor":"rgba(97,206,112,1)","firstPoint":"100","secondColor":"rgba(242,41,91,1)","secondPoint":"0","angle":"0","value":null},"background_image":{"url":null},"background_position":"top left","background_attachment":"scroll","background_repeat":"repeat","background_image_width":{"size":100,"unit":"px"},"background_size":"unset","border_radius":{"unit":"px"},"positioning_custom_width":{"unit":"%"},"conditional_other_display":"AND","disabled_conditional_other_display":"AND","active_conditional_other_display":"AND","wrapper_click_change_end_delay":500,"raw_url":"{{altrpdata.template.preview_url}}","react_element":true,"height_size":{"size":"400","unit":"px"},"positioning_width_type":"auto"},"type":"widget","cssClassStorage":[],"children":[]}]},{"id":"_rks50gfi2","name":"column","settings":{"layout_html_tag":"div","link_link":{"url":null,"attributes":null,"noFollow":false},"column_style_background_color":{"color":null,"colorPickedHex":null},"gradient":{"isWithGradient":false,"firstColor":"rgba(97,206,112,1)","firstPoint":"100","secondColor":"rgba(242,41,91,1)","secondPoint":"0","angle":"0","value":null},"background_image":{"url":null},"background_image_width":{"unit":"px"},"style_position_padding":{"unit":"px"},"style_position_margin":{"unit":"px"},"column_style_border_width":{"bind":true},"column_style_border_color":{"color":null,"colorPickedHex":null},"column_style_border_radius":{"unit":"px"},"positioning_custom_width":{"unit":"%"},"conditional_other_display":"AND","disabled_conditional_other_display":"AND","active_conditional_other_display":"AND","wrapper_click_change_end_delay":500,"layout_column_direction":"column","layout_justify_content":"flex-start","layout_type":"flex-end"},"type":"column","cssClassStorage":[],"children":[{"id":"_hvjw7ukfa","name":"input-text-common","settings":{"content_type":"text","image_select_item_width":{"unit":"px"},"image_select_item_height":{"unit":"px"},"content_label_position_type":"top","label_icon_position":"default","content_placeholder":"Domain name","change_end_delay":500,"focus_change_end_delay":500,"change_change_end_delay":500,"label_width":{"unit":"%","size":null},"label_style_spacing":{"size":2,"unit":"px"},"label_padding":{"unit":"px"},"label_style_font_color":{"color":null,"colorPickedHex":null},"label_position_top":{"unit":"px","size":null},"label_position_left":{"unit":"px","size":null},"position_margin":{"unit":"px"},"background_section_opacity":{"size":1},"box_shadow":{"blur":0,"horizontal":0,"vertical":0,"opacity":1,"spread":0,"colorRGB":"rgb(0, 0, 0)","color":"rgb(0, 0, 0)","colorPickedHex":"#000000","type":null},"border_radius":{"unit":"px"},"positioning_custom_width":{"unit":"%"},"conditional_other_display":"AND","disabled_conditional_other_display":"AND","active_conditional_other_display":"AND","wrapper_click_change_end_delay":500,"form_id":"addToCart","field_id":"site_domain","content_required":true},"type":"widget","cssClassStorage":[],"children":[]},{"id":"_b569sywvr","name":"button","settings":{"button_text":"Add to cart","link_link":{"url":null,"attributes":null,"noFollow":false,"tag":"Link"},"change_end_delay":500,"position_padding":{"unit":"px","bind":true},"gradient":{"isWithGradient":false,"firstColor":"rgba(97,206,112,1)","firstPoint":"0","secondColor":"rgba(242,41,91,1)","secondPoint":"100","angle":"0","value":null},"background_image":{"url":null},"border_width":{"bind":true},"border_radius":{"unit":"px","bind":true},"icon_padding_right":{"unit":"px","bind":true},"icon_padding_left":{"unit":"px","bind":true},"icon_padding_top":{"unit":"px","bind":true},"icon_padding_bottom":{"unit":"px","bind":true},"button_advanced_tooltip_font":"\"Lato\"","positioning_custom_width":{"unit":"%"},"conditional_other_display":"AND","disabled_conditional_other_display":"AND","active_conditional_other_display":"AND","wrapper_click_change_end_delay":500,"button_alignment":"flex-end","actions":[{"id":"_avrotaorw","switch_slides_repeater":false,"type":"form","form_method":"POST","form_url":"/ajax/models/cart_items","path":null,"data":"cart_id | {{altrpdata.user_cart.id}}\nitem_type | template\nitem_id | {{id}}\nadded_date | {{altrptime.now}}","custom_headers":null,"form_id":"createCartItem"},{"id":"_7eg6y4zn0","switch_slides_repeater":false,"type":"form","form_method":"POST","form_url":"/ajax/models/cart_item_sites","form_id":"addToCart","path":null,"data":"cart_item_id | {{altrpresponses.createCartItem.id}}","alert":"added"}],"react_element":true},"type":"widget","cssClassStorage":[],"children":[]}]}]},{"id":"_gmjb8mnkr","name":"section","settings":{"layout_content_width_type":"boxed","layout_content_width":{"unit":"px"},"layout_columns_gap":"none","layout_height":"default","label_style_min_height":{"unit":"px"},"layout_html_tag":"div","link_link":{"url":null,"attributes":null,"noFollow":false},"section_style_background_color":{"color":null,"colorPickedHex":null},"gradient":{"isWithGradient":false,"firstColor":"rgba(97,206,112,1)","firstPoint":"100","secondColor":"rgba(242,41,91,1)","secondPoint":"0","angle":"0","value":null},"background_image":{"url":null},"background_image_width":{"unit":"px"},"section_style_border_color":{"color":null,"colorPickedHex":null},"section_style_border_radius":{"unit":"px"},"position_style_position_margin":{"unit":"px"},"conditional_other_display":"AND","disabled_conditional_other_display":"AND","active_conditional_other_display":"AND","wrapper_click_change_end_delay":500},"type":"section","cssClassStorage":{"layout_content_width_type":"altrp-section_boxed","layout_colwidth":"column-structure_"},"children":[{"id":"_e28b9w8ks","name":"column","settings":{"layout_html_tag":"div","link_link":{"url":null,"attributes":null,"noFollow":false},"column_style_background_color":{"color":null,"colorPickedHex":null},"gradient":{"isWithGradient":false,"firstColor":"rgba(97,206,112,1)","firstPoint":"100","secondColor":"rgba(242,41,91,1)","secondPoint":"0","angle":"0","value":null},"background_image":{"url":null},"background_image_width":{"unit":"px"},"style_position_padding":{"unit":"px"},"style_position_margin":{"unit":"px"},"column_style_border_width":{"bind":true},"column_style_border_color":{"color":null,"colorPickedHex":null},"column_style_border_radius":{"unit":"px"},"positioning_custom_width":{"unit":"%"},"conditional_other_display":"AND","disabled_conditional_other_display":"AND","active_conditional_other_display":"AND","wrapper_click_change_end_delay":500,"layout_type":"normal","layout_justify_content":"space-between"},"type":"column","cssClassStorage":[],"children":[{"id":"_sb0xi1j2b","name":"button","settings":{"button_text":"download","link_link":{"url":null,"attributes":null,"noFollow":false,"tag":"Link"},"change_end_delay":500,"position_padding":{"unit":"px","bind":true},"gradient":{"isWithGradient":false,"firstColor":"rgba(97,206,112,1)","firstPoint":"0","secondColor":"rgba(242,41,91,1)","secondPoint":"100","angle":"0","value":null},"background_image":{"url":null},"border_width":{"bind":true},"border_radius":{"unit":"px","bind":true},"icon_padding_right":{"unit":"px","bind":true},"icon_padding_left":{"unit":"px","bind":true},"icon_padding_top":{"unit":"px","bind":true},"icon_padding_bottom":{"unit":"px","bind":true},"button_advanced_tooltip_font":"\"Lato\"","positioning_custom_width":{"unit":"%"},"conditional_other_display":"AND","disabled_conditional_other_display":"AND","active_conditional_other_display":"AND","wrapper_click_change_end_delay":500,"positioning_width_type":"auto","positioning_vertical_align":"flex-start","positioning_horizontal_orientation":"left","actions":[{"id":"_d5g1exdvz","switch_slides_repeater":false,"type":"custom_code","code":"const Http = new XMLHttpRequest();\n    const url = appStore.getState().currentDataStorage.data.template.template_url;\n    Http.open(\"GET\", url);\n    Http.responseType = \"blob\"\n    Http.setRequestHeader(\"Accept\", \"application/zip,application/x-zip,application/x-zip-compressed\")\n    Http.send();\n    console.log(\"start\")\n    Http.onreadystatechange=(e)=>{\n      console.log(\"ready\")\n      window.parent.postMessage({\n        type: \"template_download\",\n        data:  e.target.response\n      }, \"*\")\n    }"}],"react_element":true,"change_end":true},"type":"widget","cssClassStorage":[],"children":[]},{"id":"_afumo9mvs","name":"button","settings":{"button_text":"delete","link_link":{"url":null,"attributes":null,"noFollow":false,"tag":"Link"},"change_end_delay":500,"position_padding":{"unit":"px","bind":true},"gradient":{"isWithGradient":false,"firstColor":"rgba(97,206,112,1)","firstPoint":"0","secondColor":"rgba(242,41,91,1)","secondPoint":"100","angle":"0","value":null},"background_image":{"url":null},"border_width":{"bind":true},"border_radius":{"unit":"px","bind":true},"icon_padding_right":{"unit":"px","bind":true},"icon_padding_left":{"unit":"px","bind":true},"icon_padding_top":{"unit":"px","bind":true},"icon_padding_bottom":{"unit":"px","bind":true},"button_advanced_tooltip_font":"\"Lato\"","positioning_custom_width":{"unit":"%"},"conditional_other_display":"AND","disabled_conditional_other_display":"AND","active_conditional_other_display":"AND","wrapper_click_change_end_delay":500,"positioning_width_type":"auto","positioning_vertical_align":"flex-start","positioning_horizontal_orientation":"left","actions":[{"id":"_k80jmmhap","switch_slides_repeater":false,"type":"form","form_method":"DELETE","form_url":"","form_id":""},{"id":"_2crfb4y74","switch_slides_repeater":false,"type":"redirect","form_url":"/templates"}],"react_element":true},"type":"widget","cssClassStorage":[],"children":[]},{"id":"_mbcz1f0y8","name":"button","settings":{"button_text":"download zip","link_link":{"url":"","attributes":"","noFollow":false,"tag":"Link"},"change_end_delay":500,"position_padding":{"unit":"px","bind":true},"gradient":{"isWithGradient":false,"firstColor":"rgba(97,206,112,1)","firstPoint":"0","secondColor":"rgba(242,41,91,1)","secondPoint":"100","angle":"0","value":""},"background_image":{"url":""},"border_width":{"bind":true},"border_radius":{"unit":"px","bind":true},"icon_padding_right":{"unit":"px","bind":true},"icon_padding_left":{"unit":"px","bind":true},"icon_padding_top":{"unit":"px","bind":true},"icon_padding_bottom":{"unit":"px","bind":true},"button_advanced_tooltip_font":"\"Lato\"","positioning_custom_width":{"unit":"%"},"conditional_other_display":"AND","disabled_conditional_other_display":"AND","active_conditional_other_display":"AND","wrapper_click_change_end_delay":500,"button_alignment":"flex-start","actions":[{"id":"_xaypyfrz1","switch_slides_repeater":false,"type":"redirect","form_url":"{{altrpdata.template.template_url}}"}],"react_element":true},"type":"widget","cssClassStorage":[],"children":[]}]}]}]},"title":"templates_basic","name":"templates_basic","__exported_metas__":{"styles_presets":[],"global_styles":[]}}