{"area":"content","data":{"id":"_v783kwg4e","name":"root-element","settings":{"page_load_change_end_delay":500},"type":"root-element","cssClassStorage":[],"children":[{"id":"_p4z17owkb","name":"section","settings":{"layout_content_width_type":"boxed","layout_content_width":{"unit":"px"},"layout_columns_gap":"none","layout_height":"fit","label_style_min_height":{"unit":"px"},"layout_html_tag":"div","link_link":{"url":null,"attributes":null,"noFollow":false},"section_style_background_color":{"color":null,"colorPickedHex":null},"gradient":{"isWithGradient":false,"firstColor":"rgba(97,206,112,1)","firstPoint":"100","secondColor":"rgba(242,41,91,1)","secondPoint":"0","angle":"0","value":null},"background_image":{"url":null},"background_image_width":{"unit":"px"},"section_style_border_color":{"color":null,"colorPickedHex":null},"section_style_border_radius":{"unit":"px"},"position_style_position_margin":{"unit":"px"},"conditional_other_display":"AND","disabled_conditional_other_display":"AND","active_conditional_other_display":"AND","wrapper_click_change_end_delay":500,"layout_column_position":"center","layout_justify_content":"center","tooltip_show_type":"never"},"type":"section","cssClassStorage":{"layout_content_width_type":"altrp-section_boxed","layout_colwidth":"column-structure_","layout_content_width_type__Desktop":"altrp-section_","layout_colwidth__Desktop":"column-structure_"},"children":[{"id":"_39th149t8","name":"column","settings":{"layout_html_tag":"div","link_link":{"url":null,"attributes":null,"noFollow":false},"column_style_background_color":{"color":null,"colorPickedHex":null},"gradient":{"isWithGradient":false,"firstColor":"rgba(97,206,112,1)","firstPoint":"100","secondColor":"rgba(242,41,91,1)","secondPoint":"0","angle":"0","value":null},"background_image":{"url":null},"background_image_width":{"unit":"px"},"style_position_padding":{"unit":"px","bind":true,"left":"20","bottom":"20","top":"20","right":"20"},"style_position_margin":{"unit":"px"},"column_style_border_width":{"bind":true},"column_style_border_color":{"color":null,"colorPickedHex":null},"column_style_border_radius":{"unit":"px"},"positioning_custom_width":{"unit":"%"},"conditional_other_display":"AND","disabled_conditional_other_display":"AND","active_conditional_other_display":"AND","wrapper_click_change_end_delay":500,"tooltip_show_type":"never"},"type":"column","cssClassStorage":[],"children":[{"id":"_blvrtnp2k","name":"input-text-common","settings":{"content_type":"text","image_select_item_width":{"unit":"px"},"image_select_item_height":{"unit":"px"},"content_label_position_type":"top","label_icon_position":"default","content_placeholder":"Template name","change_end_delay":500,"focus_change_end_delay":500,"change_change_end_delay":500,"label_width":{"unit":"%","size":"0"},"label_style_spacing":{"size":"0","unit":"px"},"label_padding":{"unit":"px"},"label_style_font_color":{"color":null,"colorPickedHex":null},"label_position_top":{"unit":"px","size":null},"label_position_left":{"unit":"px","size":null},"position_margin":{"unit":"px"},"background_section_opacity":{"size":1},"box_shadow":{"blur":0,"horizontal":0,"vertical":0,"opacity":1,"spread":0,"colorRGB":"rgb(0, 0, 0)","color":"rgb(0, 0, 0)","colorPickedHex":"#000000","type":null},"border_radius":{"unit":"px","left":"2","bind":true,"bottom":"2","top":"2","right":"2"},"positioning_custom_width":{"unit":"%"},"conditional_other_display":"AND","disabled_conditional_other_display":"AND","active_conditional_other_display":"AND","wrapper_click_change_end_delay":500,"position_padding":{"left":0,"top":"25","bottom":"25","right":0,"unit":"px","bind":false},"field_font_typographic":{"family":"Poppins","label":"Poppins","size":"16"},"placeholder_style_font_typographic":{"family":"Poppins","label":"Poppins","size":"16"},"background_style_background_color":{"color":"rgba(250, 250, 250, 1)","colorPickedHex":"#fafafa","colorRGB":{"r":250,"g":250,"b":250,"a":1}},"border_type":"none","__altrpFonts__":{"field_font_typographic":"Poppins"},"positioning_margin__Desktop":{"left":null,"top":null,"bottom":"10","right":null,"unit":"px"},"positioning_margin":{"left":0,"top":0,"bottom":"10","right":0,"unit":"px","bind":false},"form_id":"createTemplate","field_id":"name","tooltip_show_type":"never"},"type":"widget","cssClassStorage":[],"children":[]},{"id":"_8p2j0teip","name":"input-textarea","settings":{"content_label_position_type":"top","label_icon_position":"default","content_placeholder":"Description","change_end_delay":500,"focus_change_end_delay":500,"change_change_end_delay":500,"label_style_spacing":{"size":2,"unit":"px"},"label_background_color":{"color":null,"colorPickedHex":null},"label_padding":{"unit":"px"},"label_style_font_color":{"color":null,"colorPickedHex":null},"label_position_top":{"unit":"px","size":null},"label_position_left":{"unit":"px","size":null},"label_width":{"unit":"%","size":null},"cross_color":{"color":null,"colorPickedHex":null},"cross_size":{"unit":"px","size":null},"field_font_color":{"color":null,"colorPickedHex":null},"position_margin":{"unit":"px"},"position_padding":{"unit":"px"},"required_style_font_typographic":{"lineHeight":1.5,"spacing":0,"weight":"normal","family":"Open Sans","decoration":null},"box_shadow":{"blur":0,"horizontal":0,"vertical":0,"opacity":1,"spread":0,"colorRGB":"rgb(0, 0, 0)","color":"rgb(0, 0, 0)","colorPickedHex":"#000000","type":null},"border_radius":{"unit":"px","bind":true,"left":"0","bottom":"0","top":"0","right":"0"},"input_position":"left","mismatch_message_margin":{"unit":"px"},"mismatch_message_padding":{"unit":"px"},"positioning_custom_width":{"unit":"%"},"conditional_other_display":"AND","disabled_conditional_other_display":"AND","active_conditional_other_display":"AND","wrapper_click_change_end_delay":500,"__altrpFonts__":{"field_font_typographic":"Poppins","placeholder_style_font_typographic":"Poppins"},"field_font_typographic":{"family":"Poppins","label":"Poppins","weight":"400","size":"16"},"placeholder_style_font_typographic":{"family":"Poppins","label":"Poppins","size":"16","weight":"400"},"positioning_margin__Desktop":{"left":null,"top":null,"bottom":"10","right":null,"unit":"px"},"positioning_margin":{"left":null,"top":null,"bottom":"10","right":null,"unit":"px"},"form_id":"createTemplate","field_id":"description","tooltip_show_type":"never"},"type":"widget","cssClassStorage":[],"children":[]},{"id":"_hutfese8a","name":"heading","settings":{"text":"Choose preview image","text_sub":"I Am Sub Heading","sub_heading_settings_alignment":"left","heading_settings_html_tag":"p","sub_heading_settings_html_tag":"h5","sub_heading_settings_position":"bottom","link_link":{"url":null,"attributes":null,"tag":"Link","noFollow":false},"text_advanced_heading_content":"Advanced heading","heading_style_color":{"color":"rgba(78, 78, 78, 1)","colorPickedHex":"#4e4e4e","colorRGB":{"r":78,"g":78,"b":78,"a":1}},"heading_style_text_shadow":{"blur":0,"horizontal":0,"vertical":0,"opacity":1,"colorRGB":"rgb(0, 0, 0)","color":"rgb(0, 0, 0)","colorPickedHex":"#000000"},"style_position_padding":{"unit":"px"},"style_background_color":{"color":null,"colorPickedHex":null},"gradient":{"isWithGradient":false,"firstColor":"rgba(97,206,112,1)","firstPoint":"0","secondColor":"rgba(242,41,91,1)","secondPoint":"100","angle":"0","value":null},"background_image":{"url":null},"background_position":"top left","background_attachment":"scroll","background_repeat":"repeat","background_image_width":{"size":100,"unit":"px"},"background_size":"unset","style_border_color":{"color":"rgb(50,168,82)","colorPickedHex":"#32a852"},"style_border_radius":{"size":0,"unit":"px"},"transform_style":{"size":0},"text_shadow_advanced_heading_style":{"blur":0,"horizontal":0,"vertical":0,"opacity":1,"spread":1,"colorRGB":"rgb(0, 0, 0)","color":"rgb(0, 0, 0)","colorPickedHex":"#000000","type":"outline"},"spacing_sub_heading":{"size":0,"unit":"px"},"width_sub_heading":{"unit":"%"},"padding_sub_heading":{"unit":"px","bind":true},"typographic_sub_heading":{"lineHeight":1,"spacing":0,"size":16,"weight":"normal","family":"roboto","decoration":null},"text_shadow_sub_heading":{"blur":0,"horizontal":0,"vertical":0,"opacity":1,"spread":0,"colorRGB":"rgb(0, 0, 0)","color":"rgb(0, 0, 0)","colorPickedHex":"#000000","type":null},"positioning_custom_width":{"unit":"%"},"conditional_other_display":"AND","disabled_conditional_other_display":"AND","active_conditional_other_display":"AND","wrapper_click_change_end_delay":500,"__altrpFonts__":{"heading_style_typographic":"Poppins"},"heading_style_typographic":{"family":"Poppins","label":"Poppins","weight":"500","size":"15"},"tooltip_show_type":"never"},"type":"widget","cssClassStorage":{"sub_heading_settings_alignment":"altrp-alignment_left"},"children":[]},{"id":"_gjqduv3cb","name":"input-file","settings":{"change_change_end_delay":500,"positioning_custom_width":{"unit":"%"},"conditional_other_display":"AND","disabled_conditional_other_display":"AND","active_conditional_other_display":"AND","wrapper_click_change_end_delay":500,"height":{"size":"200","unit":"px"},"width":{"size":"300","unit":"px"},"background":{"color":"rgba(241, 241, 241, 1)","colorPickedHex":"#f1f1f1","colorRGB":{"r":241,"g":241,"b":241,"a":1}},"positioning_width_type":"auto","form_id":"createTemplate","field_id":"preview_id","required":true,"preview":true,"preview_placeholder":{"id":11,"created_at":"2021-09-30 18:34:59","updated_at":"2021-09-30 18:34:59","deleted_at":null,"author":1,"filename":"media/2021/09/0MFwoJh1HQQKkoyG1BMuHN93xpmqmsRFuK3WfqdS.png","url":"http://altrpe.nz//storage/media/2021/09/0MFwoJh1HQQKkoyG1BMuHN93xpmqmsRFuK3WfqdS.png","media_type":"image/png","type":"image","title":"apps.38282.13733306562729316.049f2fd1-b066-4cb5-b5","alternate_text":null,"caption":null,"description":null,"width":162,"height":162,"main_color":null,"guest_token":null,"name":"media/2021/09/0MFwoJh1HQQKkoyG1BMuHN93xpmqmsRFuK3WfqdS.png","assetType":"media"},"border_type__Desktop":"none","border_width__Desktop":{"left":"11","top":"11","bottom":"11","right":"11","unit":"px","bind":true},"b_border_type__Desktop":"none","border_color__Desktop":{"color":"rgba(59, 48, 116, 1)","colorPickedHex":"#3b3074","colorRGB":{"r":59,"g":48,"b":116,"a":1}},"b_radius__Desktop":{"left":"0","top":"0","bottom":"0","right":"0","unit":"px","bind":true},"box_shadow__Desktop":{"blur":"11","color":"rgb(223, 93, 93, 1)","colorRGB":"rgb(223, 93, 93, 1)","horizontal":0,"opacity":1,"spread":0,"type":null,"vertical":0},"positioning_margin__Desktop":{"left":null,"top":null,"bottom":"10","right":null,"unit":"px"},"tooltip_text__Desktop":"sadas","tooltip_show_type__Desktop":"click","button_text":null,"tooltip_show_type":"never"},"type":"widget","cssClassStorage":[],"children":[]},{"id":"_f3nuyj6dw","name":"input-gallery","settings":{"change_change_end_delay":500,"b_color":{"color":null,"colorPickedHex":null},"positioning_custom_width":{"unit":"%"},"conditional_other_display":"AND","disabled_conditional_other_display":"AND","active_conditional_other_display":"AND","wrapper_click_change_end_delay":500,"form_id":"createTemplate","field_id":"img_collage","required":true,"tooltip_show_type":"never"},"type":"widget","cssClassStorage":[],"children":[]},{"id":"_evof7wjx3","name":"heading","settings":{"text":"Choose templates (zip|rar)","text_sub":"I Am Sub Heading","sub_heading_settings_alignment":"left","heading_settings_html_tag":"h2","sub_heading_settings_html_tag":"h5","sub_heading_settings_position":"bottom","link_link":{"url":null,"attributes":null,"tag":"Link","noFollow":false},"text_advanced_heading_content":"Advanced heading","heading_style_color":{"color":null,"colorPickedHex":"#000"},"heading_style_text_shadow":{"blur":0,"horizontal":0,"vertical":0,"opacity":1,"colorRGB":"rgb(0, 0, 0)","color":"rgb(0, 0, 0)","colorPickedHex":"#000000"},"style_position_padding":{"unit":"px"},"style_background_color":{"color":null,"colorPickedHex":null},"gradient":{"isWithGradient":false,"firstColor":"rgba(97,206,112,1)","firstPoint":"0","secondColor":"rgba(242,41,91,1)","secondPoint":"100","angle":"0","value":null},"background_image":{"url":null},"background_position":"top left","background_attachment":"scroll","background_repeat":"repeat","background_image_width":{"size":100,"unit":"px"},"background_size":"unset","style_border_color":{"color":"rgb(50,168,82)","colorPickedHex":"#32a852"},"style_border_radius":{"size":0,"unit":"px"},"transform_style":{"size":0},"text_shadow_advanced_heading_style":{"blur":0,"horizontal":0,"vertical":0,"opacity":1,"spread":1,"colorRGB":"rgb(0, 0, 0)","color":"rgb(0, 0, 0)","colorPickedHex":"#000000","type":"outline"},"spacing_sub_heading":{"size":0,"unit":"px"},"width_sub_heading":{"unit":"%"},"padding_sub_heading":{"unit":"px","bind":true},"typographic_sub_heading":{"lineHeight":1,"spacing":0,"size":16,"weight":"normal","family":"roboto","decoration":null},"text_shadow_sub_heading":{"blur":0,"horizontal":0,"vertical":0,"opacity":1,"spread":0,"colorRGB":"rgb(0, 0, 0)","color":"rgb(0, 0, 0)","colorPickedHex":"#000000","type":null},"positioning_custom_width":{"unit":"%"},"conditional_other_display":"AND","disabled_conditional_other_display":"AND","active_conditional_other_display":"AND","wrapper_click_change_end_delay":500,"tooltip_show_type":"never"},"type":"widget","cssClassStorage":{"sub_heading_settings_alignment":"altrp-alignment_left"},"children":[]},{"id":"_gj2wnjj9w","name":"input-file","settings":{"change_change_end_delay":500,"positioning_custom_width":{"unit":"%"},"conditional_other_display":"AND","disabled_conditional_other_display":"AND","active_conditional_other_display":"AND","wrapper_click_change_end_delay":500,"height":{"size":"131","unit":"px"},"field_id":"template_id","form_id":"createTemplate","tooltip_show_type":"never"},"type":"widget","cssClassStorage":[],"children":[]},{"id":"_pv0ogo5gb","name":"button","settings":{"button_text":"Create","link_link":{"url":null,"attributes":null,"noFollow":false,"tag":"Link"},"change_end_delay":500,"position_padding":{"unit":"px","bind":false,"left":"20","bottom":"15","top":"15","right":"20"},"gradient":{"isWithGradient":false,"firstColor":"rgba(97,206,112,1)","firstPoint":"0","secondColor":"rgba(242,41,91,1)","secondPoint":"100","angle":"0","value":null},"background_image":{"url":null},"border_width":{"bind":true},"border_radius":{"unit":"px","bind":true,"left":"2","bottom":"2","top":"2","right":"2"},"icon_padding_right":{"unit":"px","bind":true},"icon_padding_left":{"unit":"px","bind":true},"icon_padding_top":{"unit":"px","bind":true},"icon_padding_bottom":{"unit":"px","bind":true},"button_advanced_tooltip_font":"\"Lato\"","positioning_custom_width":{"unit":"%"},"conditional_other_display":"AND","disabled_conditional_other_display":"AND","active_conditional_other_display":"AND","wrapper_click_change_end_delay":500,"background_color":{"color":"rgba(135, 202, 0, 1)","colorPickedHex":"#87ca00","colorRGB":{"r":135,"g":202,"b":0,"a":1}},"font_typographic":{"family":"Poppins","label":"Poppins","weight":"600","size":"18"},"font_color":{"color":"rgba(0, 0, 0, 1)","colorPickedHex":"#000000","colorRGB":{"r":0,"g":0,"b":0,"a":1}},"actions":[{"id":"_x5oeqr4hu","switch_slides_repeater":false,"type":"form","form_method":"POST","form_id":"createTemplate","form_url":"/ajax/models/altrp_templates","path":null,"data":null,"alert":null}],"react_element":true,"tooltip_show_type":"never"},"type":"widget","cssClassStorage":[],"children":[]}]}]},{"id":"_0pf1ntp3s","name":"section","settings":{"layout_content_width_type":"boxed","layout_content_width":{"unit":"px"},"layout_columns_gap":"none","layout_height":"default","label_style_min_height":{"unit":"px"},"layout_html_tag":"div","link_link":{"url":null,"attributes":null,"noFollow":false},"section_style_background_color":{"color":null,"colorPickedHex":null},"gradient":{"isWithGradient":false,"firstColor":"rgba(97,206,112,1)","firstPoint":"100","secondColor":"rgba(242,41,91,1)","secondPoint":"0","angle":"0","value":null},"background_image":{"url":null},"background_image_width":{"unit":"px"},"section_style_border_color":{"color":null,"colorPickedHex":null},"section_style_border_radius":{"unit":"px"},"position_style_position_margin":{"unit":"px"},"conditional_other_display":"AND","disabled_conditional_other_display":"AND","active_conditional_other_display":"AND","tooltip_show_type":"never","wrapper_click_change_end_delay":500},"type":"section","cssClassStorage":[],"children":[{"id":"_8hk26azm0","name":"column","settings":{"layout_html_tag":"div","link_link":{"url":null,"attributes":null,"noFollow":false},"column_style_background_color":{"color":null,"colorPickedHex":null},"gradient":{"isWithGradient":false,"firstColor":"rgba(97,206,112,1)","firstPoint":"100","secondColor":"rgba(242,41,91,1)","secondPoint":"0","angle":"0","value":null},"background_image":{"url":null},"background_image_width":{"unit":"px"},"style_position_padding":{"unit":"px"},"style_position_margin":{"unit":"px"},"column_style_border_width":{"bind":true},"column_style_border_color":{"color":null,"colorPickedHex":null},"column_style_border_radius":{"unit":"px"},"positioning_custom_width":{"unit":"%"},"conditional_other_display":"AND","disabled_conditional_other_display":"AND","active_conditional_other_display":"AND","tooltip_show_type":"never","wrapper_click_change_end_delay":500},"type":"column","cssClassStorage":[],"children":[{"id":"_t5mlv2rlq","name":"heading","settings":{"text":"I Am Advanced Heading","text_sub":"I Am Sub Heading","sub_heading_settings_alignment":"left","heading_settings_html_tag":"h2","sub_heading_settings_html_tag":"h5","sub_heading_settings_position":"bottom","link_link":{"url":null,"attributes":null,"tag":"Link","noFollow":false},"text_advanced_heading_content":"Advanced heading","heading_style_color":{"color":null,"colorPickedHex":"#000"},"heading_style_text_shadow":{"blur":0,"horizontal":0,"vertical":0,"opacity":1,"colorRGB":"rgb(0, 0, 0)","color":"rgb(0, 0, 0)","colorPickedHex":"#000000"},"style_position_padding":{"unit":"px"},"style_background_color":{"color":null,"colorPickedHex":null},"gradient":{"isWithGradient":false,"firstColor":"rgba(97,206,112,1)","firstPoint":"0","secondColor":"rgba(242,41,91,1)","secondPoint":"100","angle":"0","value":null},"background_image":{"url":null},"background_position":"top left","background_attachment":"scroll","background_repeat":"repeat","background_image_width":{"size":100,"unit":"px"},"background_size":"unset","style_border_color":{"color":"rgb(50,168,82)","colorPickedHex":"#32a852"},"style_border_radius":{"size":0,"unit":"px"},"transform_style":{"size":0},"text_shadow_advanced_heading_style":{"blur":0,"horizontal":0,"vertical":0,"opacity":1,"spread":1,"colorRGB":"rgb(0, 0, 0)","color":"rgb(0, 0, 0)","colorPickedHex":"#000000","type":"outline"},"spacing_sub_heading":{"size":0,"unit":"px"},"width_sub_heading":{"unit":"%"},"padding_sub_heading":{"unit":"px","bind":true},"typographic_sub_heading":{"lineHeight":1,"spacing":0,"size":16,"weight":"normal","family":"roboto","decoration":null},"text_shadow_sub_heading":{"blur":0,"horizontal":0,"vertical":0,"opacity":1,"spread":0,"colorRGB":"rgb(0, 0, 0)","color":"rgb(0, 0, 0)","colorPickedHex":"#000000","type":null},"positioning_custom_width":{"unit":"%"},"conditional_other_display":"AND","disabled_conditional_other_display":"AND","active_conditional_other_display":"AND","tooltip_show_type":"never","wrapper_click_change_end_delay":500},"type":"widget","cssClassStorage":{"sub_heading_settings_alignment":"altrp-alignment_left"},"children":[]}]}]},{"id":"_7dhd938d4","name":"section","settings":{"layout_content_width_type":"boxed","layout_content_width":{"unit":"px"},"layout_columns_gap":"none","layout_height":"default","label_style_min_height":{"unit":"px"},"layout_html_tag":"div","link_link":{"url":null,"attributes":null,"noFollow":false},"section_style_background_color":{"color":null,"colorPickedHex":null},"gradient":{"isWithGradient":false,"firstColor":"rgba(97,206,112,1)","firstPoint":"100","secondColor":"rgba(242,41,91,1)","secondPoint":"0","angle":"0","value":null},"background_image":{"url":null},"background_image_width":{"unit":"px"},"section_style_border_color":{"color":null,"colorPickedHex":null},"section_style_border_radius":{"unit":"px"},"position_style_position_margin":{"unit":"px"},"conditional_other_display":"AND","disabled_conditional_other_display":"AND","active_conditional_other_display":"AND","tooltip_show_type":"never","wrapper_click_change_end_delay":500},"type":"section","cssClassStorage":[],"children":[{"id":"_834xmnl4b","name":"column","settings":{"layout_html_tag":"div","link_link":{"url":null,"attributes":null,"noFollow":false},"column_style_background_color":{"color":null,"colorPickedHex":null},"gradient":{"isWithGradient":false,"firstColor":"rgba(97,206,112,1)","firstPoint":"100","secondColor":"rgba(242,41,91,1)","secondPoint":"0","angle":"0","value":null},"background_image":{"url":null},"background_image_width":{"unit":"px"},"style_position_padding":{"unit":"px"},"style_position_margin":{"unit":"px"},"column_style_border_width":{"bind":true},"column_style_border_color":{"color":null,"colorPickedHex":null},"column_style_border_radius":{"unit":"px"},"positioning_custom_width":{"unit":"%"},"conditional_other_display":"AND","disabled_conditional_other_display":"AND","active_conditional_other_display":"AND","tooltip_show_type":"never","wrapper_click_change_end_delay":500},"type":"column","cssClassStorage":[],"children":[{"id":"_akxoh9lrt","name":"heading","settings":{"text":"I Am Advanced Heading","text_sub":"I Am Sub Heading","sub_heading_settings_alignment":"left","heading_settings_html_tag":"h2","sub_heading_settings_html_tag":"h5","sub_heading_settings_position":"bottom","link_link":{"url":null,"attributes":null,"tag":"Link","noFollow":false},"text_advanced_heading_content":"Advanced heading","heading_style_color":{"color":null,"colorPickedHex":"#000"},"heading_style_text_shadow":{"blur":0,"horizontal":0,"vertical":0,"opacity":1,"colorRGB":"rgb(0, 0, 0)","color":"rgb(0, 0, 0)","colorPickedHex":"#000000"},"style_position_padding":{"unit":"px"},"style_background_color":{"color":null,"colorPickedHex":null},"gradient":{"isWithGradient":false,"firstColor":"rgba(97,206,112,1)","firstPoint":"0","secondColor":"rgba(242,41,91,1)","secondPoint":"100","angle":"0","value":null},"background_image":{"url":null},"background_position":"top left","background_attachment":"scroll","background_repeat":"repeat","background_image_width":{"size":100,"unit":"px"},"background_size":"unset","style_border_color":{"color":"rgb(50,168,82)","colorPickedHex":"#32a852"},"style_border_radius":{"size":0,"unit":"px"},"transform_style":{"size":0},"text_shadow_advanced_heading_style":{"blur":0,"horizontal":0,"vertical":0,"opacity":1,"spread":1,"colorRGB":"rgb(0, 0, 0)","color":"rgb(0, 0, 0)","colorPickedHex":"#000000","type":"outline"},"spacing_sub_heading":{"size":0,"unit":"px"},"width_sub_heading":{"unit":"%"},"padding_sub_heading":{"unit":"px","bind":true},"typographic_sub_heading":{"lineHeight":1,"spacing":0,"size":16,"weight":"normal","family":"roboto","decoration":null},"text_shadow_sub_heading":{"blur":0,"horizontal":0,"vertical":0,"opacity":1,"spread":0,"colorRGB":"rgb(0, 0, 0)","color":"rgb(0, 0, 0)","colorPickedHex":"#000000","type":null},"positioning_custom_width":{"unit":"%"},"conditional_other_display":"AND","disabled_conditional_other_display":"AND","active_conditional_other_display":"AND","tooltip_show_type":"never","wrapper_click_change_end_delay":500},"type":"widget","cssClassStorage":{"sub_heading_settings_alignment":"altrp-alignment_left"},"children":[]}]}]}]},"title":"create template","name":"create template","__exported_metas__":{"styles_presets":{"button":{"ssss":{"position_padding":{"unit":"px","bind":true,"left":"22","bottom":"22","top":"22","right":"22"},"background_color":{"color":"rgba(145, 132, 212, 1)","colorPickedHex":"#9184d4","colorRGB":{"r":145,"g":132,"b":212,"a":1}},"gradient":{"isWithGradient":false,"firstColor":"rgba(97,206,112,1)","firstPoint":"0","secondColor":"rgba(242,41,91,1)","secondPoint":"100","angle":"0","value":null},"background_image":{"url":null},"border_width":{"bind":true},"border_radius":{"unit":"px","bind":true},"icon_padding_right":{"unit":"px","bind":true},"icon_padding_left":{"unit":"px","bind":true},"icon_padding_top":{"unit":"px","bind":true},"icon_padding_bottom":{"unit":"px","bind":true}}}},"global_styles":[]}}